English|Bangali|Arabic|Chinese|French|German|Hindi|Italian|Japanese|Spanish
aberrant|নীতিভ্রষ্ট|شاذ|异常|aberrant|abwegig|धर्मपथ से हटनेवाला|aberrante|異常な|aberrante
aberration|স্খলন|انحراف|像差|aberration|Abweichung|विपथन|aberrazione|収差|aberración
abstain|বিরত থাকা|امتنع|避免|abstention|verzichten|बचना|astenersi|棄権する|abstenerse
abstruse|দুর্বোধ্য|مبهم|奥|abstrus|abstrus|अव्यक्त|astruso|乱暴|abstruso
accolade|প্রশংসা|احتضان|荣誉|accolade|Akkolade|सम्मान|encomio|称賛|espaldarazo
acerbic|acerbic|لاذع|尖刻|acerbe|erbittert|एसिड|acerbic|大動脈|acerbo
acrimony|মেজাজ আচরণ ভাষা প্রভৃতির রুক্ষতা|حدة|恶语相向|acrimonie|Bitterkeit|रूखापन|acrimonia|エイモン|acritud
adamant|হীরক|عنيد|坚决|catégorique|unnachgiebig|अटल|inflessibile|固執する|firme
admonish|সতর্ক করা|عاتب|谏|avertir|ermahnen|धिक्कारना|ammonire|勧める|amonestar
admonitory|সতর্ক করে এমন|إرشاديا|警示|admonitoire|warnend|भर्त्सक|ammonitorio|告発|admonitorio
aesthete|কলাবিদ্যবিশারদ|الذواقة|审美家|esthète|Ästhet|सौंदर्य-विज्ञान का मतावलंबी|esteta|エステート|esteta
aesthetic|নান্দনিক|جمالي|审美|esthétique|ästhetisch|सौंदर्य|estetico|美的|estético
aesthetic|নান্দনিক|جمالي|审美|esthétique|ästhetisch|सौंदर्य|estetico|美的|estético
amalgam|মিশ্রণ|ملغم|汞合金|amalgame|Amalgam|मिश्रण|amalgama|アマルガム|amalgama
ambiguous|দ্ব্যর্থক|غامض|暧昧|ambigu|mehrdeutig|अस्पष्ट|ambiguo|あいまいな|ambiguo
ambivalent|পরস্পরবিরোধী|متردد|矛盾|ambivalent|ambivalent|उभयभावी|ambivalente|相反する|ambivalente
ameliorate|উন্নয়নসাধন করা|تحسن|改善|améliorer|verbessern|सुधारना|migliorare|改善する|mejorar
amenable|এক্তিয়ারভুক্ত|قابل|适合|convenable|zugänglich|वश्य|docile|従順な|dócil
amorphous|নিরাকার|عديم الشكل|非晶|amorphe|amorph|अनाकार|amorfo|アモルファス|amorfo
anomalous|ব্যতিক্রমী|شاذ|异常的|anormal|anomal|नियमविरूद्ध|anomalo|異常|anómalo
anomaly|ব্যতিক্রম|شذوذ|不规则|anomalie|Anomalie|विसंगति|anomalia|異常|anomalía
antipathy|বিদ্বেষ|كراهية|反感|antipathie|Antipathie|घृणा|antipatia|反感|antipatía
antithetical|বিরূদ্ধ|متناقض|对立的|antithétique|antithetisch|विरोधात्मक|antitetico|対称|antitético
apathetic|উদাসী|لا مبالي|麻木不仁|apathique|apathisch|उदासीन|apatico|無愛想|apático
apathy|ঔদাসীন্য|لا مبالاة|暮气|apathie|Apathie|उदासीनता|apatia|無関心|apatía
apocryphal|অপ্রামাণিক|مشكوك بأمر|杜撰|apocryphe|apokryph|शंकायुक्त|apocrifo|偽の|apócrifo
appease|প্রশমিত করা|استرضاء|安抚|apaiser|beschwichtigen|खुश|placare|なだめる|apaciguar
arbitrary|অবাধ|اعتباطيا|随意|arbitraire|willkürlich|मनमाना|arbitrario|任意|arbitrario
arcane|রহস্যময়|غامضة|神秘|ésotérique|geheimnisvoll|भेद का|arcano|秘密|arcano
arduous|শ্রমসাধ্য|شاق|艰巨|difficile|beschwerlich|कठिन|arduo|つらい|arduo
artful|ছলনাময়|داهية|巧|astucieux|kunstvoll|धूर्त|abile|巧みな|ingenioso
artful|ছলনাময়|داهية|巧|astucieux|kunstvoll|धूर्त|abile|巧みな|ingenioso
ascetic|তপস্বী|زاهد|苦行者|ascétique|Asket|तपस्वी|ascetico|禁欲的な|ascético
ascetic|তপস্বী|زاهد|苦行者|ascétique|Asket|तपस्वी|ascetico|禁欲的な|ascético
askance|বক্রভাবে|بارتياب|怀疑地|passance|schief|कनखियों से|di traverso|頼む|de reojo
audacious|দু: সাহসী|جريء|胆大|audacieux|kühn|साहसी|audace|大胆な|audaz
audacity|স্পর্ধা|الجرأة|大胆|l&#39;audace|Kühnheit|धृष्टता|audacia|大胆|audacia
auspicious|সুপ্রসন্ন|ميمون|吉祥|de bon augure|glückverheißend|शुभ क|fausto|幸運な|propicio
austere|উগ্র|متزمت|简朴的|austère|streng|सीधा-सादा|austero|厳しい|austero
austere|উগ্র|متزمت|简朴的|austère|streng|सीधा-सादा|austero|厳しい|austero
austere|উগ্র|متزمت|简朴的|austère|streng|सीधा-सादा|austero|厳しい|austero
avaricious|লালস|بخيل|贪婪|avare|habgierig|लालची|avaro|貪欲な|avaro
banal|বস্তাপচা|تافه|平庸|banal|banal|तुच्छ|banale|平凡な|banal
banality|তুচ্ছতা|تفاهة|平庸|banalité|Banalität|साधारणता|banalità|平凡|banalidad
belie|মিথ্যাবাদী বলে|تكذب|叶公好龙|démentir|belügen|झुठलाना|smentire|信じる|desmentir
belligerent|যুধ্যমান|محارب|交战的|belligérant|kriegerisch|युद्धरत|belligerante|交戦国|beligerante
betray|গুপ্তরহস্য প্রকাশ করা|أفشى سرا|背叛|trahir|verraten|प्रकट करना|tradire|裏切る|traicionar
blatant|স্থূল|صارخ|明显的|flagrant|eklatant|ज़बरदस्त|sfacciato|ぼんやりした|evidente
bolster|তাকিয়া|دعم|加强|traversin|Nackenrolle|सिलेंडर|sostenere|強化する|reforzar
brazen|নির্লজ্জ|وقح|厚颜无耻|effronté|unverschämt|तांबे का|sfacciato|厚かましい|descarado
bucolic|মেঠো|رعوي|牧歌|bucolique|bukolisch|ग्राम्य|bucolico|狼男|bucólico
bumbling|আনাড়ি|التلعثم|装模作样|bafouillant|stolpern|bumbling|maldestro|うんざりする|torpe
burgeon|মুকুল|ازدهر|发芽|bourgeon|knospen|burgeon|germogliare|芽生え|brote
calumny|অপবাদ|افتراء|诽谤|calomnie|Verleumdung|चुगली|calunnia|戒め|calumnia
capricious|খামখেয়ালী|متقلب|任性|capricieux|launisch|मनमौजी|capriccioso|気まぐれな|caprichoso
castigate|শাস্তি দেত্তয়া|وبخ|鞭挞|fustiger|geißeln|पीटना|castigare|キャスト|castigar
censure|অনুযোগ|لوم|谴责|censurer|Tadel|निंदा|censura|非難|censura
chastise|তাড়ন করা|عاقب|惩罚|punir|züchtigen|दंड देना|castigare|欲望|castigar
chortle|খলখল শব্দ|ضحكة|得意的高笑|gloussement|glucksen|उमंग|riso represso|チョットル|risa alegre
circumscribe|বেষ্টন করা|وضع حدا|外接|limiter|umschreiben|प्रतिबंध लगाना|circoscrivere|制限する|circunscribir
circumvent|ফাঁদে ফেলা|تحايل|规避|circonvenir|umgehen|दरकिनार|eludere|回避する|evitar
commensurate|তুল্য|متناسب|相称|commensurable|angemessen|अनुरूप|commisurato|相応しい|conmensurar
concede|স্বীকার করা|تتنازل|承认|concéder|zugeben|स्वीकार करना|concedere|譲歩する|conceder
concede|স্বীকার করা|تتنازل|承认|concéder|zugeben|स्वीकार करना|concedere|譲歩する|conceder
concede|স্বীকার করা|تتنازل|承认|concéder|zugeben|स्वीकार करना|concedere|譲歩する|conceder
confound|হতবুদ্ধি করা|أربك|混淆|confondre|verwechseln|उलझाना|confondere|混乱する|confundir
confound|হতবুদ্ধি করা|أربك|混淆|confondre|verwechseln|उलझाना|confondere|混乱する|confundir
conspicuous|সুস্পষ্ট|واضح|显着|visible|auffällig|विशिष्ट|cospicuo|目立つ|conspicuo
constituent|উপাদান|المقوم، مكون، جزء من|组分|constituant|Bestandteil|घटक|costituente|成分|Constitucion
constituent|উপাদান|المقوم، مكون، جزء من|组分|constituant|Bestandteil|घटक|costituente|成分|Constitucion
construe|ভাষান্তরিত করা|حلل|诠释|interpréter|konstruieren|टीका करना|interpretare|解釈する|interpretar
contingent|সাপেক্ষ|مشروط|队伍|contingent|Kontingent|आकस्मिक|contingente|偶発的|contingente
contingent|সাপেক্ষ|مشروط|队伍|contingent|Kontingent|आकस्मिक|contingente|偶発的|contingente
contrition|অনুতাপ|ندم|悔悟|contrition|Reue|पछतावा|contrizione|反論|arrepentimiento
contrive|কার্যসাধন করা|تدبر|图谋|se débrouiller|ersinnen|ईजाद करना|escogitare|考案する|idear
copious|প্রচুর|غزير|丰富|copieux|reichlich|प्रचुर|copioso|豊富な|copioso
craven|নীচ|شخص جبان|懦夫|lâche|feige|डरपोक|codardo|クレイヴン|cobarde
cryptic|রহস্যপূর্ণ|خفي|神秘|cryptique|kryptisch|गुप्त|misterioso|謎めいた|críptico
culminate|সর্বোচ্চ সীমা পৌঁছান|تكبد|高潮|culminer|gipfeln|समापन|culminare|頂点に達する|culminar
culpability|নিন্দনীয়তা|الملومية|有罪|culpabilité|Schuld|दोषी|colpevolezza|犯罪性|culpabilidad
decorous|শোভন|لائق|端庄|convenable|anständig|शिष्ट|decoroso|飾る|decoroso
decorum|শালীনতা|لياقة|礼仪|décorum|Anstand|शिष्टाचार|decoro|礼儀正しい|decoro
deferential|স্বীকার করে এমন|مراع|恭敬的|respectueux|ehrerbietig|सविनय|deferente|敬称|deferente
deleterious|ক্ষতিকর|مؤذ|有害|délétère|schädlich|हानिकारक|deleterio|有害な|perjudicial
delineate|বর্ণা করা|تحدد|勾画|tracer|skizzieren|चित्रित करना|delineare|輪郭を描く|delinear
demur|গম্ভীর করা|تردد|提出异议|hésitation|Einwand|आपत्ति|obiettare|踏み出す|objetar
denigrate|কলঙ্কিত করা|شوه سمعة|诋毁|dénigrer|verunglimpfen|बदनाम करना|denigrare|脱窒する|denigrar
denote|বোঝান|دل|表示|dénoter|bezeichnen|सूचित करना|denota|意味する|denotar
derivative|অমৌলিক|المشتق|衍生物|dérivé|Derivat|यौगिक|derivato|デリバティブ|derivado
derive|আহরণ করা|استخلاص|派生|dériver|ableiten|निकाले जाते हैं|derivare|派生する|derivar
derive|আহরণ করা|استخلاص|派生|dériver|ableiten|निकाले जाते हैं|derivare|派生する|derivar
dictatorial|স্বৈর|دكتاتوري|独裁的|dictatorial|diktatorisch|तानाशाह का|dittatoriale|独裁者|dictatorial
didactic|নীতিমূলক|تعليمي|教导的|didactique|didaktisch|शिक्षाप्रद|didattico|教訓的な|didáctico
diffident|আত্মবিশ্বাসহীন|خجول|心虚|timide|schüchtern|संकोची|timido|思いやりのある|tímido
dilatory|দীর্ঘসূত্রী|متلكئ|拖拉|dilatoire|verzögernd|धीमा|dilatorio|拡張する|dilatorio
dilettante|অপটু কর্মী|الهاوي|外行|dilettante|Dilettant|अनुरागी|dilettante|ジレッタント|diletante
disaffected|বিরক্ত|ساخط|抱不平的|mécontent|unzufrieden|असंतुष्ट|ostile|不満|desafecto
discrete|বিযুক্ত|منفصله|离散的|discret|diskret|अलग|discreto|離散|discreto
disinterested|নির্লিপ্ত|نزيه|无私|désintéressé|desinteressiert|उदासीन|disinteressato|無関心な|desinteresado
dispassionate|নিষ্কাম|هادئ|冷静|impartial|leidenschaftslos|आवेगहीन|spassionato|思いやりのある|desapasionado
disseminate|প্রচার করা|ينشر|传播|disséminer|verbreiten|प्रसारित करना|diffondere|広める|diseminar
dogmatic|মতবাদ-সংক্রান্ত|متزمت|武断的|dogmatique|dogmatisch|कट्टर|dogmatico|ドグマティク|dogmático
duress|কয়েদ|إكراه|胁迫|contrainte|Zwang|अवरोध|costrizione|強迫|coacción
eclectic|সারগ্রাহী|انتقائي|不拘一格|éclectique|eklektisch|उदार|eclettico|折衷的な|ecléctico
economical|লাভজনক|اقتصادي|经济|économique|wirtschaftlich|किफ़ायती|economico|経済的|económico
edifying|শিক্ষাপ্রদ|بنيان|启发性的|édifiant|erbaulich|edifying|edificante|矯正する|edificante
efficacious|ফলপ্রদ|فعال|有效的|efficace|wirksam|प्रभावोत्पादक|efficace|効果的な|eficaz
egregious|গুরুতর|فاضح|过分的|énorme|ungeheuerlich|प्रबल|egregio|大変な|enorme
elicit|প্রকাশ করা|يستنبط|引出|obtenir|entlocken|प्रकाश में लाना|suscitare|引き出す|obtener
elucidate|বিশদ করা|وضح|阐发|élucider|aufzuklären|स्पष्ट करना|chiarire|解明する|dilucidar
eminent|বিশিষ্ট|بارز|杰出|éminent|herausragend|प्रख्यात|eminente|著名な|eminente
enervate|শক্তিহীন করা|واهن|微弱|amollir|entnerven|कमज़ोर|snervare|衰弱させる|enervar
engender|প্রসব করা|تولد|产生|engendrer|erzeugen|पैदा करना|generare|醸し出す|engendrar
entrenched|প্রোথিত|ترسخ|根深蒂固|retranché|verschanzt|आरोपित हुआ|trincerato|定着した|atrincherado
ephemeral|ক্ষণজীবী|سريع الزوال|短暂的|éphémère|flüchtig|अल्पकालिक|effimero|一時的な|efímero
equivocal|সন্দেহজনক|مبهم|暧昧|équivoque|zweideutig|गोलमोल|equivoco|不確かな|equívoco
eradicate|সমূলে উত্পাটন করা|القضاء|根除|éradiquer|auszurotten|उन्मूलन|sradicare|根絶する|erradicar
erudite|জ্ঞানী|واسع المعرفة|博学|érudit|gelehrt|वैज्ञानिक|erudito|エラディーテ|erudito
eschew|পরিহার করা|تجنب|避|éviter|vermeiden|त्याग करना|astenersi da|避ける|evitar
esoteric|গূঢ়|مقصور على فئة معينة|深奥|ésotérique|esoterisch|गुप्त|esoterico|難解な|esotérico
espouse|পক্ষাবলম্বন করা|تزوج|拥护|adopter|zu unterstützen|सहायता देना|sposare|諜報員|adoptar
exacerbate|বর্ধিত করা|تفاقم|加剧|exacerber|verschärfen|ख़राब करना|esacerbare|悪化させる|exacerbar
exacting|রূক্ষ|مرهق|严格|exigeant|anspruchsvoll|मांग करनेवाला|esigente|厳しい|exigente
exalt|উল্লসিত করা|كثف|捧|exalter|erhöhen|प्रशंसा करना|esaltare|高く評価する|exaltar
exonerate|ক্ষালন করা|أبرئ|开脱|disculper|entlasten|हक़ बहाल करना|scagionare|無罪|exonerar
expound|উদ্ভাসিত করা|شرح|阐述|exposer|erläutern|व्याख्या करना|esporre|解明する|exponer
extant|অদ্যাপি বর্তমান|موجود|现存|existant|vorhanden|वर्तमान|esistente|現存|existente
fallacious|প্রতারণাপূর্ণ|وهمي|错误的|fallacieux|trügerisch|ग़लत|fallace|間違った|erróneo
fastidious|খুঁতখুঁতে|شديد الحساسية|挑剔|délicat|anspruchsvoll|दुराराध्य|fastidioso|厳しい|fastidioso
flux|নিরন্তর পরিবর্তন|تدفق|通量|flux|Fluss|प्रवाह|flusso|フラックス|flujo
foment|লালন করা|إثارة|罨|fomenter|schüren|भड़काना|fomentare|瞬間|fomentar
forlorn|অবহেলিত|بائس|绝望|désespéré|verlassen|अनाथ|abbandonato|忘れ去られた|abandonado
forthcoming|আসন্ন|قادم، صريح، يظهر|即将到来|à venir|bevorstehend|आगामी|prossimo|今後の|próximo
forthcoming|আসন্ন|قادم، صريح، يظهر|即将到来|à venir|bevorstehend|आगामी|prossimo|今後の|próximo
fortuitous|আকস্মিক|محظوظ|偶然|fortuit|zufällig|आकस्मिक|fortuito|偶然|fortuito
frivolous|অসার|تافه|轻浮|frivole|frivol|तुच्छ|frivolo|軽薄|frívolo
frugal|মিতব্যয়ী|مقتصد|节俭|frugal|sparsam|मितव्ययी|frugale|倹約|frugal
frustrate|হতাশ|أحبط|阻挠|frustrer|vereiteln|हराना|frustrare|挫折|frustrar
furtive|অলক্ষিত|ماكر|鬼鬼祟祟|furtif|verstohlen|चुराया हुआ|furtivo|虚偽|furtivo
gainsay|প্রতিবাদ করা|نكر|否定|contredire|widersprechen|विरोध करना|contraddire|ゲンセイ|contradecir
gall|পিত্ত|مرارة|瘿|fiel|Galle|पित्त|fiele|胆汁|hiel
gall|পিত্ত|مرارة|瘿|fiel|Galle|पित्त|fiele|胆汁|hiel
galvanize|বিদ্যুত্প্রবাহ প্রয়োগ করা|تصادفي|镀锌|galvaniser|galvanisieren|प्रेरित करना|galvanizzare|亜鉛メッキする|galvanizar
garrulous|ফচকে|ثرثار|贫嘴|bavard|geschwätzig|बातूनी|garrulo|騒々しい|gárrulo
gauche|আনাড়ি|أخرق|笨拙|gauche|gauche|भद्दा|maldestro|ゴーシュ|desmañado
germane|সঙ্গত|وثيق الصلة|有密切关系|germane|germanisch|सार्थक|germano|ゲルマン|relacionado
glut|গোগ্রাসে গেলা|تخمة|充斥|surabondance|Glut|भरमार|eccesso|過剰|exceso
glut|গোগ্রাসে গেলা|تخمة|充斥|surabondance|Glut|भरमार|eccesso|過剰|exceso
gossamer|লূতাতন্তু|لعاب الشمس|游丝|gaze|hauchzart|पतला|sottilissimo|ゴシマー|telaraña
gregarious|যূথচর|قطيعي|群居|grégaire|gesellig|झुण्ड में रहनेवाला|gregario|凶暴な|gregario
guileless|সরল|ساذج|朴实|naïf|arglos|निष्कपट|ingenuo|あどけない|inocente
hackneyed|বস্তাপচা|مبتذل|陈腐|rebattu|abgedroschen|साधारण|trito|ハックニー|trillado
haphazard|এলোমেলো|بدون تنظيم|偶然|au hasard|planlos|बेतरतीब|a casaccio|行き当たりばったり|al azar
harangue|বাগাড়ম্বরপূর্ণ বক্তৃতা|خطبة|长篇大论|harangue|harangue|भाषण|arringa|説教|arenga
harangue|বাগাড়ম্বরপূর্ণ বক্তৃতা|خطبة|长篇大论|harangue|harangue|भाषण|arringa|説教|arenga
harried|নিপীড়িত|مغزو|忙碌的|harry|bedrängt|परेशान|tormentato|ハリーした|acosado
haughty|উদ্ধত|متجبر|傲慢|hautain|hochmütig|घमंडी|altezzoso|傲慢|arrogante
hegemony|কর্তৃত্ব|سيطرة|霸权|hégémonie|Hegemonie|नायकत्व|egemonia|覇権|hegemonía
heretic|পাষণ্ড|كافر|异教徒|hérétique|Ketzer|विधर्मी|eretico|異端者|hereje
iconoclast|প্রতিমাচূর্ণকারী|عابد التماثيل|反传统|iconoclaste|Bilderstürmer|मूर्ति|iconoclasta|アイコンクロースト|iconoclasta
iconoclastic|কালাপাহাড়ী|متمرد|打破旧习|iconoclaste|ikonoklastisch|iconoclastic|iconoclastico|無秩序な|iconoclasta
idiosyncrasy|মানসিক গঠন|خصوصية|特质|particularité|Idiosynkrasie|लत|idiosincrasia|特質|idiosincrasia
ignoble|নীচ|خسيس|卑鄙|ignoble|unwürdig|नीच|ignobile|イモビル|innoble
ignominious|কলঙ্কজনক|شائن|可耻|ignominieux|schmählich|निद्य|ignominioso|恥知らずの|ignominioso
immutable|অপরিবর্তনীয়|غير قابل للتغيير|一成不变|immuable|unveränderlich|अडिग|immutabile|不変|inmutable
impartial|নিরপেক্ষ|نزيه|公正|impartial|unparteiisch|निष्पक्ष|imparziale|公平|imparcial
impertinent|অপ্রাসঙ্গিক|وقح|鲁莽|impertinent|unverschämt|अभेद्य|impertinente|無意味な|impertinente
implacable|নির্দয়|عنيد|无情|implacable|unerbittlich|संगदिल|implacabile|無敵な|implacable
implausible|অকল্পনীয়|غير قابل للتصديق|难以置信|peu plausible|unglaubwürdig|अकल्पनीय|non plausibile|信じ難い|increíble
imprudent|হঠকারী|طائش|鲁莽的|imprudent|unklug|ढीठ|imprudente|慎重な|imprudente
impudent|লজ্জাহীন|صفيق|厚颜无耻|impudent|unverschämt|दिलेर|impudente|厚かましい|impudente
incisive|ব্যঙ্গকারী|قاطع|尖锐|incisif|prägnant|काटा हुआ|incisivo|鋭い|incisivo
incongruous|বেমানান|غير لائق|牛头不对马嘴|incongru|unpassend|बेमेल|incongruo|不自然な|incongruente
incorrigible|সংশোধনাতীত|عنيد|不可救药|incorrigible|unverbesserlich|असंशोधनीय|incorreggibile|厄介な|incorregible
indecorous|রূচিবিরূদ্ধ|غير محتشم|无礼|inconvenant|unschicklich|गंदा|indecoroso|卑劣な|indecoroso
indifference|অযত্ন|لا مبالاة|漠不关心|indifférence|Gleichgültigkeit|उदासीनता|indifferenza|無関心|indiferencia
inexorable|অনিবার্য|عنيد|残酷|inexorable|unerbittlich|निष्ठुर|inesorabile|冷酷な|inexorable
ingenuous|মনখোলা|ساذج|直率的|ingénu|aufrichtig|सरल|ingenuo|独創的な|ingenuo
ingratiate|অনুগ্রহ ভাজন করান|توصل ببراعة|迎合|ingratiser|angratiate|ingratiate|ingraziare|採取する|captar la simpatía de
inimical|ক্ষতিকর|معاد|抵触的|hostile|feindlich|विरोधी|ostile|不自然な|hostil
innocuous|নির্দোষ|غير مؤذية|无害的|inoffensif|harmlos|अहानिकर|innocuo|無害な|inocuo
inscrutable|অবর্ণনীয়|غامض|高深莫测|impénétrable|unergründlich|गूढ़|inscrutabile|不可解な|inescrutable
insidious|প্রতারণাপূর্ণ|أخبث|阴险|insidieux|heimtückisch|कपटी|insidioso|陰気な|insidioso
insolent|উদ্ধত|وقح|粗野|insolent|frech|ढीठ|insolente|寛大な|insolente
intimate|অন্তরঙ্গ|حميم|亲密|intime|intim|अन्तरंग|intimo|親密な|íntimo
intransigent|একরোখা|عنيد|妥协|intransigeant|unnachgiebig|सैद्धांतिक|intransigente|寛容な|intransigente
intrepid|নিরাতঙ্ক|باسل|强悍|intrépide|unerschrocken|निडर|intrepido|勇敢な|intrépido
inveterate|পাকা|عريق|根深蒂固|invétéré|eingefleischt|कट्टर|incallito|誘拐する|empedernido
involved|জড়িত|متورط|参与|impliqué|beteiligt|लिप्त|coinvolti|関係する|involucrado
irrevocable|অনড়|غير قابل للإلغاء|不可撤销|irrévocable|unwiderruflich|स्थिर|irrevocabile|取消不能|irrevocable
itinerant|ভ্রমণকারী|متجول|江湖|itinérant|Wander-|चलनेवाला|itinerante|巡回|itinerante
jingoism|সংগ্রামপ্রি় দেশপ্রেম|الشوفينية الغلو في الوطنية|沙文主义|chauvinisme|Chauvinismus|अंधराष्ट्रीयता|sciovinismo|ジンゴリズム|jingoísmo
jovial|প্রফুল্ল|مرح|快活|jovial|jovial|उल्लासपूर्ण|gioviale|思いやりのある|jovial
jubilant|উল্লসিত|متهلل|喜庆|radieux|jubelnd|उल्लसित|giubilante|喜ばしい|jubiloso
juxtapose|পাশাপাশি স্থাপন করা|وضع شيئا بجانب الآخر|并列|juxtaposer|gegenüberstellen|मिलाना|giustapporre|並置する|yuxtaponer
laconic|অল্পকথায় অর্থপূর্ণ|مقتضب|简洁|laconique|lakonisch|संक्षिप्त|laconico|いたずらな|lacónico
lambast|lambast|توجيه اللوم|揍|lambast|Lammfleisch|चाबुक से मारना|lambast|扱き下ろす|lambast
languid|অবসন্ন|ضعيف|酸软|languissant|matt|निस्तेज|languido|ぐずぐず|lánguido
largess|বদান্যতা|السخاء|赠品|largesse|Großzügigkeit|उदारता|elargizione|伯爵|generosidad
laudable|প্রশংসনীয়|جدير بالثناء|值得称赞|louable|lobenswert|प्रशंसनीय|lodevole|賞賛できる|loable
lionize|lionize|كرم|lionize|célébrer|feiern|चापलूसी करना|trattare come una celebrità|持て囃す|agasajar
magnanimous|মহানুভব|شهم|坦荡|magnanime|großmütig|उदार|magnanimo|勇敢な|magnánimo
maintain|বজায় রাখা|الحفاظ|保持|maintenir|pflegen|बनाए रखने के|mantenere|維持する|mantener
maladroit|জবুথবু|أخرق|笨拙|maladroit|ungeschickt|ठस|maldestro|マラドトロイト|desmañado
maverick|বাউণ্ডুলে|مستقل|特立独行|Maverick|Einzelgänger|आवारा|maverick|異端者|disidente
mawkish|ঘৃণাজনক|مثير للغثيان|感伤的|fade|Mawkisch|कुत्सित|svenevole|モウキッシュ|empalagoso
mendacity|মিথ্যা|كذب|谎言|fausseté|Verlogenheit|भिक्षावृति|mendacia|支配|mendacidad
mercurial|তত্পর|زئبقي|善变|mercuriel|mercurial|अस्थिर|mutevole|水銀の|mercurial
meticulous|অতিসতর্ক|موسوس|细致|méticuleux|akribisch|सूक्ष्म|meticoloso|細心の|meticuloso
misconstrue|ভুল অর্থ করা|أساء الفهم أو التفسير|误解|mal interpréter|missverstehen|गलत समझें|interpretare male|誤解する|interpretar mal
mitigate|প্রশমিত করা|تخفيف|减轻|atténuer|mildern|कम करना|mitigare|緩和する|mitigar
mitigate|প্রশমিত করা|تخفيف|减轻|atténuer|mildern|कम करना|mitigare|緩和する|mitigar
mollify|কোমল করা|هدأ|缓和|amadouer|besänftigen|शमन करना|addolcire|緩和する|apaciguar
mundane|জাগতিক|دنيوي|平凡|banal|banal|सांसारिक|mondano|世俗|mundano
mundane|জাগতিক|دنيوي|平凡|banal|banal|सांसारिक|mondano|世俗|mundano
munificent|উপুড়হস্ত|سخي|优厚|munificent|Großzügig|उदार|munifico|気前のよい|munificente
myopic|ক্ষীণদৃষ্টি|أحسر|近视的|myope|kurzsichtig|कमबीन|miope|近視の|miope
myriad|অগণ্য|وافر|无数的|myriade|Myriade|असंख्य|miriade|無数|miríada
negligible|তুচ্ছ|ضئيلة|微不足道|négligeable|unerheblich|नगण्य|trascurabile|無視できる|despreciable
nonplussed|কিংকর্তব্যবিমূঢ়|أفزعتها|不知所措|non effrayé|verblüfft|भौचक|nonplussed|非連結|desconcertado
nuance|সামান্য পার্থক্য|فارق بسيط|细微差别|nuancer|Nuance|अति सूक्ष्म अंतर|sfumatura|ニュアンス|matiz
obscure|অস্পষ্ট|غامض|朦胧|obscur|obskur|अस्पष्ट|oscuro|あいまいな|oscuro
obscure|অস্পষ্ট|غامض|朦胧|obscur|obskur|अस्पष्ट|oscuro|あいまいな|oscuro
obsequious|তোয়াজ|دنيء|低三下四|obséquieux|unterwürfig|चापलूस|ossequioso|従順な|servil
opaque|অস্বচ্ছ|مبهمة|不透明|opaque|undurchsichtig|न झिल्लड़|opaco|不透明|opaco
opulence|সমৃদ্ধি|ترف|丰裕|opulence|Opulenz|अधिकता|opulenza|華やかさ|opulencia
ostentatious|জাঁক করে এমন|متباه|摆阔|ostentatoire|ostentativ|दिखावटी|ostentato|誇張した|ostentoso
ostracize|বহিষ্কৃত করা|نفى من غير محاكمة|放逐|ostraciser|ächten|समाज से बाहर निकालना|dare l&#39;ostracismo|追放する|condenar al ostracismo
panache|panache|البناش حزمة زينية|鹭|panache|Elan|कलँगी|pennacchio|腹部|estilo
parochial|সংকীর্ণ|محدود التفكير|教区|paroissial|Pfarrer|संकीर्ण|parrocchiale|偏狭|parroquial
parsimonious|ব্যয়কুণ্ঠ|شديد البخل|俭省的|parcimonieux|sparsam|किफ़ायती|parsimonioso|間違った|parsimonioso
pedantic|গোঁড়া|متحذلق|迂|pédant|pedantisch|पंडिताऊ|pedante|ペタニック|pedante
pedestrian|পথচারী|مشاة|行人|piéton|Fußgänger|पैदल यात्री|pedone|歩行者|peatonal
pejorative|মর্যাদাহানিকর|تحقير|贬义|péjoratif|abwertend|अपमानजनक|peggiorativo|敬虔な|peyorativo
perfidy|বিশ্বাসভঙ্গ|خيانة|背信弃义|perfidie|Perfidie|नमकहरामी|perfidia|悲惨な|perfidia
pernicious|ক্ষতিকর|خبيث|有害|pernicieux|verderblich|तेज़|pernicioso|悪性|pernicioso
petulant|প্রগল্ভ|مشاكس|易怒的|irritable|gereizt|ढीठ|petulante|腐った|malhumorado
placate|শান্ত করা|استرضاء|安抚|apaiser|besänftigen|तसल्ली देना|placare|平板|aplacar
platitude|মামুলি মন্তব্য|ابتذال|老生常谈|platitude|Platitüde|साधारण बात|banalità|平気|tópico
poignant|কটু|مثير للمشاعر|凄美|poignant|ergreifend|मार्मिक|commovente|鋭い|conmovedor
polemic|বিতর্কমূলক|جدلي|论战|polémique|Polemik|विवादात्मक|polemica|論争|polémica
posit|যথাস্থানে রাখা|طرح|断定|postuler|setzen|किसी स्थिति में रखना|posit|正当な|postular
pragmatic|রাষ্ট্রীয়|واقعي|务实|pragmatique|pragmatisch|व्यावहारिक|pragmatico|実利的|pragmático
precipitous|precipitous|متهور|陡峭|abrupt|steil|तेज़|precipitoso|急な|precipitado
preclude|প্রতিরোধ করা|منع|排除|empêcher|ausschließen|बंद करना|precludere|排除する|imposibilitar
precocious|ইঁচড়ে পাকা|مبكر|早熟|précoce|frühreif|असामयिक|precoce|早熟|precoz
predilection|পক্ষপাত|ميل|好发|prédilection|Vorliebe|लाग-लपेट|predilezione|偏見|predilección
prescience|পূর্বজ্ঞান|علم الغيب|预知|prescience|Voraussicht|पूर्वज्ञान|preveggenza|先見性|presciencia
prevaricate|সত্যের অপলাপ করা|وارب|支应|tergiverser|voreilig|छलकपट|equivocare|前もって|prevaricar
prodigal|অমিতব্যয়ী|مبذر|败家子|prodigue|verschwenderisch|खर्चीला|prodigo|放蕩|pródigo
prodigious|বিস্ময়কর|استثنائي|惊人|prodigieux|erstaunlich|विलक्षण|prodigioso|驚異的な|prodigioso
profligate|লক্ষ্মীছাড়া|مبذر|挥霍|débauché|verschwenderisch|अपव्ययी|dissoluto|暴れる|libertino
prolific|উর্বর|غزير الإنتاج|多产的|prolifique|fruchtbar|उर्वर|prolifico|多分|prolífico
propitious|প্রসন্ন|صفوح|吉祥|propice|günstig|अनुकूल|propizio|恵まれた|propicio
provincial|প্রাদেশিক|ريفي|省级|provincial|provinziell|प्रांतीय|provinciale|州|provincial
pundit|পণ্ডিত|الناقد|权威人士|expert|Pandit|पंडित|esperto|専門家|pandit
qualify|যোগ্যতা|التأهل|修饰|qualifier|qualifizieren|अर्हता|qualificarsi|修飾する|calificar
qualify|যোগ্যতা|التأهل|修饰|qualifier|qualifizieren|अर्हता|qualificarsi|修飾する|calificar
querulous|অনুযোগকারী|معاتب|哓|querelleur|Querulant|विलापी|querulo|うぬぼれた|quejumbroso
quotidian|দৈনিক জ্বর|سجان|瘴气|quotidien|Alltägliches|दैनिक|quotidiano|常識|cotidiano
ravenous|বুভুক্ষিত|نهم|饿坏了的|vorace|Heißhunger|हिंसक|famelico|卑劣な|voraz
rebuke|তাড়ন|توبيخ|训斥|réprimande|Tadel|फटकार|rimprovero|叱責|reprensión
reconcile|পুনর্মিলিত করা|التصالح|调和|réconcilier|versöhnen|समाधान करना|riconciliare|和解する|conciliar
recondite|দুর্বোধ্য|عويص|高深|obscur|verborgen|गंभीर|recondito|レコンダイト|recóndito
refractory|অবাধ্য|المواد المقاومة للحرارة|耐火|réfractaire|feuerfest|आग रोक|refrattario|耐火物|refractario
refute|খণ্ডন করা|دحض|反驳|réfuter|widerlegen|खंडन|confutare|反論する|refutar
reproach|ভর্ত্সনা|عتاب|责备|reproche|Vorwurf|तिरस्कार|rimprovero|非難する|reproche
repudiate|অস্বীকার করা|رفض|否认|répudier|ablehnen|परित्याग करना|ripudiare|否認する|repudiar
rescind|বাতিল করা|فسخ|废除|annuler|rückgängig machen|रद्द कर देना|rescindere|廃止する|rescindir
restive|অশান্ত|حرون|动荡|rétif|unruhig|अशांत|irrequieto|反抗的な|intranquilo
resurgent|পুনরূদীয়মান|نامي|复活|renaissant|wieder auferstehen|पुनस्र्त्थानशील|risorgente|復活する|resurgente
reticent|স্বল্পভাষী|صموت|沉默的|réticent|zurückhaltend|अल्पभाषी|reticente|怠惰な|reticente
reverent|সশ্রদ্ধ|مبجل|虔敬|respectueux|andächtig|श्रद्धालु|riverente|敬虔な|reverente
rudimentary|প্রাথমিক|بدائي|初步|rudimentaire|rudimentär|मौलिक|rudimentale|初歩的な|rudimentario
rustic|দেহাতি|ريفي|乡村|rustique|rustikal|देहाती|rustico|素朴な|rústico
sanction|অনুমোদন|عقوبة|制裁|sanction|sanktionieren|प्रतिबंध|sanzione|制裁|sanción
sanction|অনুমোদন|عقوبة|制裁|sanction|sanktionieren|प्रतिबंध|sanzione|制裁|sanción
scrupulous|খুঁতখুঁতে|مدقق|一丝不苟|scrupuleux|gewissenhaft|ईमानदार|scrupoloso|綿密な|escrupuloso
scrupulous|খুঁতখুঁতে|مدقق|一丝不苟|scrupuleux|gewissenhaft|ईमानदार|scrupoloso|綿密な|escrupuloso
soporific|ঘুমপাড়ানি|مخدر|催眠|soporifique|Schlafmittel|निँदासा|soporifero|崇高な|soporífero
specious|আচমকা-সুন্দর|مزيف|华而不实的|spécieux|trügerisch|दिखौवा|specioso|深刻な|especioso
specious|আচমকা-সুন্দর|مزيف|华而不实的|spécieux|trügerisch|दिखौवा|specioso|深刻な|especioso
sporadic|বিক্ষিপ্ত|متقطع|零星的|sporadique|sporadisch|छिटपुट|sporadico|散発的な|esporádico
spurious|কৃত্রিম|زائف|伪|faux|unecht|जाली|spuria|擬似|espurio
staunch|বায়ুরোধী|قوي|坚定|étancher|stillen|निष्ठावान|convinto|頑張る|firme
stringent|কঠোর|صارم|严格|strict|streng|कड़ी से कड़ी|rigoroso|ストリンジェントな|riguroso
subsume|অন্তর্ভূত করা|صنف ضمن فئة|归入|subsumer|Subsumieren|किसी नियम के अंतर्गत करना|sussumere|サブムーム|subsumir
subsume|অন্তর্ভূত করা|صنف ضمن فئة|归入|subsumer|Subsumieren|किसी नियम के अंतर्गत करना|sussumere|サブムーム|subsumir
subversive|বিধ্বংসী|مخرب|颠覆|subversif|subversiv|विनाशक|sovversivo|破壊的な|subversivo
sullen|অন্ধকারাচ্ছন্ন|متجهم|忧郁|renfrogné|mürrisch|उदास|scontroso|サレン|hosco
superfluous|অতিরিক্ত|غير ضروري|多余|superflu|überflüssig|ज़रूरत से ज़्यादा|superfluo|余分な|superfluo
superfluous|অতিরিক্ত|غير ضروري|多余|superflu|überflüssig|ज़रूरत से ज़्यादा|superfluo|余分な|superfluo
supplant|উচ্ছিন্ন করা|أزاح|取代|supplanter|ersetzen|उखाड़ना|soppiantare|取って代わる|suplantar
sycophant|পরগাছা|المتملق الذليل|拍马屁的人|flagorneur|Schmeichler|चापलूस|leccapiedi|シコファント|sicofante
taciturn|মিতভাষী|قليل الكلام|沉默寡言的|taciturne|schweigsam|अल्पभाषी|taciturno|暗誦|taciturno
tantamount|সমপরিমাণ|معادل|无异|équivalent|gleichbedeutend|समान|equivalente|最大|equivalente
temperance|মিতাচার|زهد|禁酒|tempérance|Mäßigkeit|संयम|temperanza|禁酒|templanza
tempered|পোড়|مزاج|回火|tempéré|temperiert|टेम्पर्ड|temperato|温かく|templado
tenacious|অনমনীয়|عنيد|顽强|tenace|zäh|दृढ़|tenace|強引な|tenaz
timorous|ভীরু|هياب|恇|timoré|ängstlich|कातर|timoroso|ティモラス|timorato
torpor|অনুচ্চতা|سبات|麻木|torpeur|Torpor|सो हो जाना|torpore|トルポル|letargo
tortuous|অসরল|متعرج|曲折|tortueux|gewunden|कपटपूर्ण|tortuoso|曲がりくねった|tortuoso
tractable|সহজে টানা যায় এমন|لين العريكة|听话的|docile|lenkbar|विनयशील|trattabile|扱いやすい|manejable
transient|অস্থায়ী|عابر|短暂的|transitoire|vorübergehend|क्षणिक|transitorio|一時的な|transitorio
travesty|হাস্যকর অনুকরণ|صورة زائفة|滑稽戏|travestir|Travestie|भड़ौआ|parodia|駄作|parodia
treacherous|বিশ্বাসঘাতক|غادر|奸诈|perfide|tückisch|नमक हराम|infido|信じられない|traicionero
treacherous|বিশ্বাসঘাতক|غادر|奸诈|perfide|tückisch|नमक हराम|infido|信じられない|traicionero
trite|মামুলি|تافه|平凡的|banal|banal|घिसे-पिटे|banale|台無し|trillado
truncate|অগ্রভাগ ছাঁটিয়া দেত্তয়া|بتر|截短|tronquer|kürzen|काट-छांट|troncare|切り詰める|truncar
undermine|অধোদেশ খনন করা|تقويض|破坏|saper|untergraben|कमजोर|minare|衰弱させる|socavar
underscore|আন্ডারস্কোর|أكد|下划线|souligner|unterstreichen|बल देना|sottolineare|アンダースコア|guion bajo
unequivocal|দ্ব্যর্থহীন|لا لبس فيه|明确的|sans équivoque|eindeutig|स्पष्ट|inequivocabile|明白な|inequívoco
unscrupulous|বিবেকবর্জিত|عديم الضمير|不择手段|sans scrupules|skrupellos|बेशरम|senza scrupoli|悪意のある|poco escrupuloso
upbraid|ভর্ত্সনা করা|لوم|吒|reprocher|rügen|फटकारना|rimproverare|肥えた|reprender a
vacillate|স্থির না থাকা|تأرجح|动摇|vaciller|schwanken|संदेह करना|oscillare|動揺させる|vacilar
vehement|প্রচণ্ড|عنيف|慷慨|véhément|vehement|लवलीन|veemente|激しい|vehemente
venality|ঘুস প্রদান|الفساد|唯利是图|vénalité|Käuflichkeit|ज़रख़ीदी|venalità|悪徳|venalidad
venerate|শ্রদ্ধা করা|بجل|敬|vénérer|verehren|सम्मानित करना|venerare|尊敬する|venerar
veracious|সত্যপরায়ণ|صدوق|如其人|véridique|wahrhaftig|सत्यप्रिय|verace|誠実な|veraz
vilify|নিন্দা করা|ذم|丑化|diffamer|verunglimpfen|गाली देना|diffamare|卑劣な|vilipendiar
vindicate|সাবুদ করা|برر|表白|justifier|rechtfertigen|साबित कर देना|rivendicare|立証する|vindicar
vociferous|সমুচ্চ|صاخب|喧嚷|bruyant|lautstark|मुखर|vociferante|激しい|vociferante
volubility|শব্দব্যবহার|طلاقة|健谈|volubilité|Zärtlichkeit|बकवाद|loquacità|揮発性|volubilidad
wanting|অনুপস্থিত|يريد|希望|vouloir|wollen|चाहने|volendo|欲しい|falto
winsome|আকর্ষণীয়|فاتن|汇豪|séduisant|winsome|मनोहर|attraente|ウィンソム|atractivo
aboveboard|অকপট|علانية|光明正大|honnête|ehrlich|aboveboard|aboveboard|上の|abiertamente
abysmal|অতল|سحيق|深|épouvantable|miserabel|मात्र|abissale|深刻な|abismal
acme|চূড়া|ذروة|顶点|acmé|Gipfel|परिपूर्णता|acme|アクメ|cumbre
advocate|উকিল|المؤيد|主张|avocat|befürworten|वकील|avvocato|主張する|abogado
advocate|উকিল|المؤيد|主张|avocat|befürworten|वकील|avvocato|主張する|abogado
affable|ভদ্র|أنيس|和蔼可亲的|affable|freundlich|मिलनसार|affabile|親切な|afable
affluent|ধনী|غني|富裕的|affluent|wohlhabend|धनी|affluente|豊かな|afluente
altruism|পরার্থপরতা|إيثار|利他主义|altruisme|Altruismus|दूसरों का उपकार करने का सिद्धान्त|altruismo|利他主義|altruismo
amiable|বন্ধুসুলভ|ودي|可亲|aimable|liebenswürdig|सुशील|amabile|愉快な|amable
amply|কানায় কানায়|بإسهاب|充分|amplement|reichlich|जिसकी पर्याप्त|ampiamente|十分な|ampliamente
amuck|ক্ষিপ্তবৎ|باهتياج|疯狂地|amok|Amok|आपे से बाहर|freneticamente|アマン|loco
analogous|অনুরূপ|مماثل|类似|analogue|analog|अनुरूप|analogo|類似|análogo
animosity|বিদ্বেষ|عداء|敌意|animosité|Feindseligkeit|बैर|animosità|敵意|animosidad
antedated|বাসী|antedated|先于|antidaté|vorgestuft|antedated|antedated|前もって|antedatado
antiquated|অপ্রচলিত|مهمل|陈旧的|vieilli|veraltet|प्राचीन|antiquato|古くなった|anticuado
apex|চূড়া|ذروة|顶尖|sommet|Apex|सर्वोच्च|apice|頂点|apéndice
aphorism|সূত্র|قول مأثور|格言|aphorisme|Aphorismus|कहावत|aforisma|格言|aforismo
aphoristic|প্রবচনাত্মক|aphoristic|格言|aphoristique|aphoristisch|सूत्र-रूप में|aforistico|敬語|aforístico
appreciable|উপলব্ধিজনক|ممكن إدراكه|可感知的|appréciable|nennenswert|प्रशंसनीय|apprezzabile|相当な|apreciable
apprehension|চেতনা|تخوف|顾虑|appréhension|Auffassung|डर|apprensione|不安|detención
archaic|সেকেলে|ممات|古老|archaïque|archaisch|प्राचीन|arcaico|アルカイック|arcaico
ascendancy|কর্তৃত্ব|هيمنة|优势|ascendant|Überlegenheit|प्रभुत्व|ascendente|優位|ascendencia
ascribe|আরোপ করা|نسب ل|归咎于|attribuer|zuschreiben|कारण बताना|attribuire|帰属|atribuir
assail|প্রাণপণ চেষ্টা করা|هاجم بعنف|攻击|assaillir|angreifen|आक्रमण करना|assalire|襲撃|asaltar
assuage|প্রশমিত করা|هدأ|缓和|apaiser|Beschwichtigung|शांत करना|mitigare|安楽死|calmar
augment|বৃদ্ধি|زيادة|增加|augmenter|vermehren|बढ़ाना|aumentare|増強|aumentar
autonomously|স্বয়ংক্রিয়|مستقل|自主|de manière autonome|autonom|स्वायत्त|autonomamente|自律的に|autónomamente
avarice|অর্থলিপ্সা|جشع|贪婪|avarice|Habsucht|लोभ|avarizia|貪欲|avaricia
avert|প্রতিহত করা|تجنب|避免|éviter|abwenden|टालना|evitare|回避する|evitar
avert|প্রতিহত করা|تجنب|避免|éviter|abwenden|टालना|evitare|回避する|evitar
avid|ক্ষুধিত|نهم|狂热|avide|begierig|उत्सुक|avido|熱心な|ávido
badger|ব্যাজার|فرو الغرير|獾|blaireau|Dachs|बिज्जू|tasso|狸|tejón
balk|কড়িকাঠ|رافدة|梁木|rechigner|Balken|मेंड|ostacolo|ボーク|obstáculo
banish|খেদান|إبعاد|放逐|bannir|verbannen|निर्वासित करना|bandire|追い払う|desterrar
beatific|আনন্দময়|شديد الإبتهاج|祝福的|béatifique|beatific|सुखी|beatifico|おいしい|beatífico
becoming|মানানসই|تصبح|变得|devenir|Werden|बनने|diventando|〜になる|devenir
begrudge|নারাজ হত্তয়া|حسد|羡慕|se plaindre|Missgunst|डाह खाना|invidiare|ねたむ|envidiar
begrudge|নারাজ হত্তয়া|حسد|羡慕|se plaindre|Missgunst|डाह खाना|invidiare|ねたむ|envidiar
behooves|কষ্ট হচ্ছে|حري|理应|appartient|behütet|behooves|conviene|行動する|comportamientos
belittle|তুচ্ছতাচ্ছিল্য করা|استخف|贬低|rabaisser|schmälern|कम हो जाना|sminuire|卑劣な|empequeñecer
bellicose|মারমুখো|مولع بالقتال|好战的|belliqueux|kriegerisch|लड़ाकू|bellicoso|正気|belicoso
benign|ফলপ্রদ|حميدة|良性|bénin|gutartig|सौम्य|benigno|良性|benigno
benign|ফলপ্রদ|حميدة|良性|bénin|gutartig|सौम्य|benigno|良性|benigno
besiege|নিরোধ করা|يحاصر|围攻|assiéger|belagern|मुहासिरा करना|assediare|包囲|sitiar
besmirch|কলঙ্কিত করা|لوث|污渍|ternir|beschmutzen|गंदा करना|imbrattare|ベスミルク|manchar
bleak|নিরানন্দ|كئيب|苍凉|morne|düster|बेरंग|brullo|荒涼|desolado
boon|বর|نعمة|福利|aubaine|Segen|वरदान|vantaggio|恩恵|bendición
boon|বর|نعمة|福利|aubaine|Segen|वरदान|vantaggio|恩恵|bendición
boorish|চাষাড়ে|غير مثقف|粗野|rustre|burisch|अशिष्ट|rozzo|愚かな|grosero
brusquely|brusquely|بفظاظة|粗暴地|brusquement|brüsk|brusquely|bruscamente|鋭く|bruscamente
buck|হরিণ|دولار|降压|mâle|Dollar|हिरन|secchio|バック|dólar
buttress|আলম্ব|دعم|支持|contrefort|Stütze|टेक|contrafforte|バトレス|contrafuerte
cadaverous|বিশীর্ণ|جيفي|苍白|cadavérique|kadaverhaft|शव का|cadaverico|死体|cadavérico
candid|অকপট|صريح|坦率|Candide|offen|खरा|Candido|率直|sincero
candidness|পক্ষপাতশূন্যতা|صراحة|坦率|franchise|Offenheit|सत्यता|franchezza|候補|franqueza
cardinal|অঙ্কবাচক|العدد بالرقم|枢机主教|cardinal|Kardinal|कार्डिनल|cardinale|枢機卿|cardenal
carping|ছিদ্রান্বেষী|عائب|吹毛求疵|carpe|carping|छिद्रान्वेषी|meticoloso|カーピング|criticón
catalyst|অনুঘটক|الحفاز|催化剂|catalyseur|Katalysator|उत्प्रेरक|catalizzatore|触媒|Catalizador
cavalier|রূক্ষ|فارس|骑士|cavalier|Kavalier|घुड़सवार|cavaliere|無邪気な|caballero
censor|সমালোচক|الرقيب|审查|censurer|zensieren|सेंसर|censurare|検閲|censurar
cerebral|মস্তিষ্ক-সংক্রান্ত|مخي|颅内|cérébral|zerebral|सेरिब्रल|cerebrale|大脳|cerebral
champion|রক্ষক|بطل|冠军|champion|Champion|चैंपियन|campione|チャンピオン|campeón
chauvinist|উত্কট স্বদেশভক্ত|الشوفيني المغالي في التعصب الوطني|沙文主义|chauvin|Chauvinist|अंधराष्ट्रीवादी|sciovinista|信者|chauvinista
check|চেক|التحقق من|校验|vérifier|prüfen|चेक|dai un&#39;occhiata|チェック|comprobar
check|চেক|التحقق من|校验|vérifier|prüfen|चेक|dai un&#39;occhiata|チェック|comprobar
checkered|ছককাটা|ذو مربعات|格仔|à carreaux|kariert|विचित्र|scacchi|市松|a cuadros
chivalrous|সাহসী|شهم|义|chevaleresque|ritterlich|उदार|cavalleresco|騎士的な|caballerosidad
clemency|ক্ষমাশীলতা|رأفة|宽大|clémence|Milde|दया|clemenza|快感|clemencia
coalesce|একসঙ্গে জন্মান|التأم|合并|se fondre|verschmelzen|संगठित होना|fondersi|合体する|juntarse
cogent|অকাট্য|مقنع|切实|convaincant|überzeugend|ठोस|convincente|志願者|convincente
cohesive|সংযোজক|متماسك|凝聚力|cohésif|zusammenhängend|जोड़नेवाला|coesivo|粘着性の|cohesivo
collusion|সাজশ|تواطؤ|共谋|connivence|Absprache|मिलीभगत|collusione|共謀|colusión
colossal|প্রকাণ্ড|ضخم|庞大|colossal|kolossal|भारी|colossale|巨大|colosal
commendable|প্রশংসনীয়|جدير بالثناء|值得称道|louable|lobenswert|सराहनीय|lodevole|立派な|recomendable
complacent|প্রসন্ন|الرضا|自满|complaisant|selbstgefällig|आत्मसंतुष्ट|compiaciuto|満足している|suficiente
complementary|পরিপূরক|مكمل|补充|complémentaire|komplementär|पूरक|complementare|相補的な|complementario
compound|যৌগিক|مركب|复合|composé|Verbindung|यौगिक|composto|化合物|compuesto
conducive|সহায়ক|تؤدي|有利于|propice|förderlich|अनुकूल|tendente|助ける|conducente
conniving|conniving|تآمر|纵容|connivence|hinterhältig|सांठगांठ|connivente|黙る|engañoso
consecrate|পবিত্র|كرس|供奉|consacrer|weihen|ज्ञान देना|consacrare|奉献する|consagrar
constraint|বাধ্যতা|قيود|约束|contrainte|Zwang|बाधा|costrizione|制約|restricción
consummate|সুসম্পূর্ণ|ماهر|完善|consommé|vollendet|समाप्त|consumato|完成品|consumar
consummate|সুসম্পূর্ণ|ماهر|完善|consommé|vollendet|समाप्त|consumato|完成品|consumar
contemptuous|ঘৃণাপূর্ণ|مزدر|轻视|méprisant|verächtlich|तिरस्कारपूर्ण|sprezzante|軽蔑的な|desdeñoso
contrite|অনুতপ্ত|نادم|痛悔|contrit|zerknirscht|पछताया हुआ|contrito|悔恨|contrito
conundrum|প্রহেলিকা|لغز|难题|énigme|Rätsel|पहेली|enigma|謎|adivinanza
convivial|পার্বণ|بهيج|欢乐的|convivial|gesellig|खुशनुमा|conviviale|喜ばしい|alegre
convoluted|সংবর্ত|معقد|令人费解|convoluté|verschachtelt|जटिल|involuto|複雑な|complejo
cornucopia|প্রাচুর্যে পরিপূর্ণ ভাণ্ডার|الوفرة|聚宝盆|corne d&#39;abondance|Füllhorn|cornucopia|cornucopia|豊かな|cuerno de la abundancia
corroborate|দৃঢ় করা|يثبت|证实|corroborer|bestätigen|मंडित कतना|corroborare|裏付ける|corroborar
cosmopolitan|বিশ্বজনীন|عالمي|大都会|Cosmopolite|kosmopolitisch|कॉस्मोपॉलिटन|Cosmopolita|コスモポリタン|cosmopolita
credence|প্রত্যয়|تصديق|信用|foi|Glaubwürdigkeit|प्रत्यय|credito|信用|crédito
creditable|বিশ্বাসযোগ্য|جدير بالتصديق|可信|honorable|anerkennbar|श्रेयस्कर|credibile|信用できる|loable
credulity|বিশ্বাসপ্রবণতা|سذاجة|易信|crédulité|Leichtgläubigkeit|भोलापन|credulità|盲信|credulidad
cumbersome|কষ্টকর|ثقيل|笨重|lourd|schwerfällig|बोझिल|ingombrante|面倒|incómodo
dearth|অভাব|قلة|缺乏|disette|Mangel|अकाल|scarsità|不足|escasez
debase|অপকৃষ্ট করা|غش|贬低|avilir|erniedrigen|मूल्य घटाना|avvilire|衰弱|degradar
debunk|অনাবৃত করা|فضح زيف شيء ما|揭穿|discréditer|entlarven|धूल में मिलाना|ridimensionare|暴れる|desenmascarar
decimation|ধ্বংসকরণ|هلاك|抽取|décimation|Dezimierung|नाश|decimazione|デシメーション|ejecución
degrade|অধ: পতন করা|تتحلل|降级|dégrader|degradieren|नीचा दिखाना|degradare|劣化する|degradar
delegate|প্রতিনিধি|مندوب|代表|déléguer|delegieren|प्रतिनिधि|delegare|デリゲート|delegar
deliberate|ইচ্ছাকৃত|متعمد|商榷|délibérer|beraten|जानबूझकर|deliberato|審議する|deliberar
demean|হীন করা|حط من قدر|贬低|rabaisser|erniedrigen|नीचा दिखाना|avvilire|デマン|degradar
demure|অচপল|رزين|拘谨|sage|sittsam|संकोची|modesto|固くする|recatado
deride|ঠাট্টা করা|سخر|嘲笑|railler|verspotten|उपहास करना|deridere|嘲る|burlarse de
derisive|উপহাস্য|ساخر|嘲弄|dérisoire|spöttisch|व्यंग्यात्मक|derisorio|懐疑的な|burlón
derogative|হানিকর|derogative|贬|dénigrant|abfällig|अपमानजनक|dispregiativo|軽蔑的|despectivo
desecrate|অপবিত্র করা|دنس|虚度|profaner|entheiligen|अपवित्र करना|profanare|卑劣な|profanar
destitute|পরিত্যক্ত|فقراء|贫困|dépourvu|mittellos|निराश्रित|indigente|貧しい|indigente
destitute|পরিত্যক্ত|فقراء|贫困|dépourvu|mittellos|निराश्रित|indigente|貧しい|indigente
deter|ভয় দেখাইয়া নিবৃত্ত করা|ردع|阻止|dissuader|abhalten|रोक रखना|scoraggiare|抑止|desalentar
deter|ভয় দেখাইয়া নিবৃত্ত করা|ردع|阻止|dissuader|abhalten|रोक रखना|scoraggiare|抑止|desalentar
detrimental|ক্ষতিকারক|ضار|有害|préjudiciable|schädlich|हानिकारक|dannoso|有害な|perjudicial
devolve|নিচে গড়াইযা পড়া|انحدر|下放|déléguer|übertragen|उतरना|devolvere|解散する|delegar
devolve|নিচে গড়াইযা পড়া|انحدر|下放|déléguer|übertragen|उतरना|devolvere|解散する|delegar
diabolical|নারকীয়|شيطاني|毒辣|diabolique|teuflisch|पैशाचिक|diabolico|悪魔的な|diabólico
differentiate|ভেদ করা|تميز|区分|différencier|unterscheiden|अंतर|differenziare|差別化する|diferenciar
differentiate|ভেদ করা|تميز|区分|différencier|unterscheiden|अंतर|differenziare|差別化する|diferenciar
dilapidated|জীর্ণ|مهلهل|残破|délabré|verfallen|जीर्ण|cadente|荒廃した|arruinado
diligent|পরিশ্রমী|مجتهد|勤奋|diligent|fleißig|मेहनती|diligente|勤勉な|diligente
discord|অনৈক্য|خلاف|不和|discorde|Zwietracht|कलह|discordia|不和|discordia
discreet|বিচক্ষণ|متحفظ|慎重|discret|diskret|विचारशील|discreto|控えめな|discreto
discriminate|ভেদ করা|تميز|辨析|discriminer|diskriminieren|भेदभाव|discriminare|差別する|discriminar
disenfranchise|disenfranchise|حرمان|剥夺|dépossession du droit de vote|entrechten|नागरिकता से वंचित करना|disenfranchise|ディスセンス・フランチャイズ|privar de derechos civiles
disheartened|ভগ্নোত্সাহ|بخيبة أمل|灰心|découragé|entmutigt|निस्र्त्साहित|sfiduciato|落胆した|desanimado
disparate|অসম|متفاوت|不同|disparate|disparat|मुक़्तलिफ़|disparato|異なる|dispar
dispatch|প্রাণবধ|إيفاد|调度|envoi|Versand|प्रेषण|spedizione|ディスパッチ|envío
dispatch|প্রাণবধ|إيفاد|调度|envoi|Versand|प्रेषण|spedizione|ディスパッチ|envío
docile|শিক্ষাগ্রহণে তত্পর|منصاع|温顺|docile|fügsam|विनम्र|docile|従順な|dócil
dog|কুকুর|الكلب|狗|chien|Hund|कुत्ता|cane|犬|perro
dupe|প্রতারিত ব্যক্তি|مغفل|欺骗|dupe|betrügen|भोला-भाला|ingannare|だます|engañar
dupe|প্রতারিত ব্যক্তি|مغفل|欺骗|dupe|betrügen|भोला-भाला|ingannare|だます|engañar
eccentric|অদ্ভুতস্বভাব|غريبة الاطوار|偏心|excentrique|Exzenter|विलक्षण|eccentrico|偏心|excéntrico
egotist|আত্মশ্লাঘী|أناني|自我中心主义|égotiste|Egoist|अहंवादी|egotista|エゴイスト|egotista
eke|সংযোজিত করা|اقتصد|勉强维持|eke|ekel|बढ़ाना|eke|エケ|suplir las deficiencias
elaborate|সম্প্রসারিত|توضيح|阐述|élaborer|erarbeiten|विस्तृत|elaborare|精巧な|elaborar
elaborate|সম্প্রসারিত|توضيح|阐述|élaborer|erarbeiten|विस्तृत|elaborare|精巧な|elaborar
elude|পালান|تملص|躲避|éluder|entgehen|टलना|eludere|逃げる|eludir
elusive|অধরা|صعبة المنال|难以捉摸|insaisissable|schwer fassbar|मायावी|inafferrabile|見つけにくい|elusivo
embellish|সজ্জিত করা|جمل|润|embellir|verschönern|संवारना|abbellire|飾る|embellecer
embroiled|জড়িয়ে|متورط|卷入|impliqué|verwickelt|घपला|coinvolto|混乱した|embrollado
empathetic|সহানুভূতিশীল|متعاطف|感情移入的|empathique|einfühlsam|सहानुभूति|empatico|感情的な|empatico
emulate|অনুকরণ করা|محاكاة|仿真|imiter|emulieren, nacheifern|अनुकरण करना|emulare|エミュレートする|emular
endemic|স্থানীয়|المتوطنة|流行|endémique|endemisch|स्थानिक|endemico|風土病|endémico
enmity|শত্রুতা|عداوة|敌意|hostilité|Feindschaft|शत्रुता|inimicizia|敵意|enemistad
entice|বিপথে চালিত করা|جذب|诱惑|attirer|locken|लुभाने|allettare|誘惑する|atraer
enumerate|গনা|سرد|枚举|énumérer|aufzählen|एक एक करके बताना|enumerare|列挙する|enumerar
enumerate|গনা|سرد|枚举|énumérer|aufzählen|एक एक करके बताना|enumerare|列挙する|enumerar
err|ভ্রম করা|أخطأ|呃|se tromper|err|ग़लती होना|sbagliare|間違い|errar
errant|ভ্রমণরত|هائم على وجهه|对不按|errant|fehlgeleitet|भटकनेवाला|errante|誤った|andante
erratic|লক্ষ্যভ্রষ্ট|شارد|不稳定的|erratique|sprunghaft|अनियमित|irregolare|不安定な|errático
euphoria|রমরমা|النشوة|欣快症|euphorie|Euphorie|उत्साह|euforia|幸福|euforia
evasive|অসরল|مراوغ|逃避的|évasif|ausweichend|कपटपूर्ण|evasivo|避ける|evasivo
evasive|অসরল|مراوغ|逃避的|évasif|ausweichend|कपटपूर्ण|evasivo|避ける|evasivo
evenhanded|evenhanded|منصف|不偏不倚|équitablement|gleichmütig|evenhanded|evenhanded|均等|imparcial
exasperate|ক্রুদ্ধ করা|أسخط|恶化|exaspérer|verzweifelt|चिढ़ाना|esasperare|怒る|exasperar
excruciating|মর্মযন্ত্রণাপূর্ণ|طاحنة|痛苦|atroce|quälend|कष्टदायी|straziante|悲惨な|agudísimo
exemplify|উদাহরণ দ্বারা ব্যাখ্যা করা|مثالا|例证|exemplifier|Beispielhaft|उदाहरण देना|esemplificare|例証する|ejemplificar
exemplify|উদাহরণ দ্বারা ব্যাখ্যা করা|مثالا|例证|exemplifier|Beispielhaft|उदाहरण देना|esemplificare|例証する|ejemplificar
exhort|উত্সাহিত করা|وعظ|劝告|exhorter|ermahnen|समझाना|esortare|奨励|exhortar
extenuating|extenuating|المخففة|情有可原|atténuant|mildernd|हल्का करने वाली|attenuante|崇拝する|atenuante
facetious|রসিক|طريف|滑稽的|facétieux|witzig|हासकर|faceto|面白い|chistoso
fawn|ধামা ধরা|تزلف|讨好|faon|Kitz|हलके पीले रंग का|cerbiatto|フォーン|adular
ferret|সুতী ফিতা|أقلق|鼬|furet|Frettchen|भगाना|furetto|フェレット|hurón
fete|উত্সব|حفلة|宴请|fête|Fest|उत्सव|festa|胎児|fiesta
fickle|চপল|متقلب|薄情|inconstant|wankelmütig|चंचल|volubile|気まぐれな|voluble
finagle|প্রতারণা করা|بالخدعة|欺骗|finagle|finagle|फिनेक्ल|Finagle|フィナーグ|finagle
fledgling|জাতপক্ষ|الوليد|雏鸟|naissant|flügge|अनुभवहीन मनुष्य|uccellino|徴兵|volantón
fleece|ভেড়ার লোম|الصوف|羊毛|toison|Vlies|मूंड़ना|vello|フリース|lana
flounder|রাঘববোয়াল|تخبط|比目鱼|patauger|Flunder|फ़्लॉन्डर|platessa|ヒラメ|platija
flush|ঘনিষ্ঠরূপে|فورة|红晕|affleurer|spülen|लालिमा|rossore|流す|rubor
foible|দুর্বলতা|نقطة ضعف|怪癖|souple|Schwäche|चरित्र की दुर्बलता|lato debole|虚弱|debilidad
foolhardy|হঠকারী|متهور|蛮干|téméraire|tollkühn|उजड्ड|avventato|愚か者|temerario
forthright|স্পষ্টাস্পষ্টি|صريح|直率的|franc|offen|निष्कपट|franco|真面目な|directo
futile|বৃথা|عقيم|无用|futile|zwecklos|व्यर्थ|futile|無益な|fútil
genial|সদয়|لطيف|和蔼的|génial|genial|उर्वर|cordiale|優しい|genial
genteel|সুশীল|أنيق|温雅|distingué|vornehm|ललित|gentile|優しい|gentil
glean|উঁচ্ছবৃত্তি|جمع|搜集|glaner|lesen|बीनना|spigolare|集める|espigar
glib|সাবলীল|عفوي|巧舌如簧|facile|glib|फिसलनदार|facondo|グライブ|fácil
goad|অঙ্কুশ|منخس|刺棒|aiguillon|Ansporn|अंकुश|pungolo|乞食|aguijón
grovel|পদলেহন|تذلل|拜倒|ramper|kriechen|उताने पड़ जाना|strisciare|グルベル|arrastrarse
guffaw|অট্টহাস্য|قهقهة|哄笑|esclaffer|lacht|खिलखिलाकर हंसना|risata fragorosa|guffaw|carcajadas
hamper|ব্যাহত করা|يعيق|阻碍|entraver|Korb|बाधा|ostacolare|邪魔する|cesto
hamstrung|বধ|تعثرها|陷于瘫痪|paralysé|hamstrung|पंगु|ostacolati|ハムストール|hamstrung
heyday|পূর্ণবিকাশ|ذروة|极盛|grand jour|Blütezeit|उमंग का समय|apogeo|全盛期|apogeo
hodgepodge|খিচুড়ি|خليط|大杂烩|fatras|Mischmasch|गोलमाल|pot-pourri|ホッジポッジ|mezcolanza
hound|জ্বালাতন করা|كلب|猎犬|chien|Hund|शिकारी कुत्ता|cane da caccia|猟犬|sabueso
humdrum|অকাল্পনিক|رتابة|单调|monotone|Eintönigkeit|नीरस|monotonia|平凡|monótono
illicit|অবৈধ|غير مشروع|非法的|illicite|illegal|अवैध|illecito|不法|ilícito
immaterial|অশরীরী|غير هام|无形|immatériel|immateriell|सारहीन|immateriale|重要ではない|inmaterial
impeccable|অনবদ্য|معصوم من الخطأ|无可挑剔|impeccable|tadellos|त्रुटिहीन|impeccabile|完璧な|impecable
impede|ঠেকান|إعاقة|阻碍|entraver|behindern|बाधा डालना|impedire|妨げる|impedir
impending|আসন্ন|وشيك الحدوث|即将发生的|imminent|drohend|आसन्न|imminente|差し迫っている|inminente
impermeable|অপ্রবেশ্য|كتيم|不透水|imperméable|undurchlässig|अभेद्य|impermeabile|不浸透性|impermeable
implicate|সংশ্লেষ করা|ورط|连累|impliquer|implizieren|फंसाना|implicare|関係する|implicar
implicate|সংশ্লেষ করা|ورط|连累|impliquer|implizieren|फंसाना|implicare|関係する|implicar
imponderable|ভারহীন|متأرجح|无法估量|impondérable|unwägbar|हलका|imponderabile|無責任な|imponderable
impregnable|দুর্ভেদ্য|منيع|坚不可摧|imprenable|uneinnehmbar|अभेद्य|inespugnabile|難攻不落|inexpugnable
inadvertent|অসাবধানী|منتبه|非故意的|involontaire|unbeabsichtigt|बेपरवाह|involontario|不慮の|inadvertido
inarticulate|অস্ফুট|عاجز عن الافصاح|口齿不清|inarticulé|unartikuliert|धीरे से बोलना|inarticolato|無粒状|inarticulado
incense|ধূপ|عطور|香|encens|Weihrauch|धूप|incenso|香|incienso
incessant|নিরবচ্ছিন্ন|متواصل|不停|incessant|unaufhörlich|निरंतर|incessante|絶え間ない|incesante
inclement|ঝড়ো|عاصف|恶劣|inclément|unfreundlich|कठोर|inclemente|厄介な|inclemente
inclement|ঝড়ো|عاصف|恶劣|inclément|unfreundlich|कठोर|inclemente|厄介な|inclemente
incumbent|শায়িত্ব|مايجب في الوضع الراهن|现任|titulaire|Amtsinhaber|निर्भर|incombente|現職|titular
indict|অভিযুক্ত করা|توجيه الاتهام|起诉|accuser|anklagen|अभियोग लगाना|incriminare|起訴|procesar
indigenous|দেশীয়|السكان الأصليين|土著|indigène|einheimisch|स्वदेशी|indigeno|先住民|indígena
indignant|অত্যুগ্র|ساخط|愤怒|indigné|empört|क्रोधित|indignato|憤慨する|indignado
industrious|পরিশ্রমী|كادح|勤劳|industrieux|fleißig|मेहनती|industrioso|勤勉な|industrioso
inflammable|দাহ্য|سريع الاشتعال|易燃的|inflammable|entflammbar|ज्वलनशील|infiammabile|可燃性の|inflamable
ingenuity|অকপটতা|براعة|创造力|ingéniosité|Einfallsreichtum|सरलता|ingegnosità|独創性|ingenio
inkling|আভাস|معرفة محدودة|暗示|idée|Ahnung|आभास|accenno|暗示|indicio
insipid|বিরস|لا طعم له|平淡|insipide|fade|फीका|insipido|気味の悪い|insípido
insolvent|দেউলিয়া|المفلس|资不抵债|insolvable|zahlungsunfähig|दिवालिया|insolvente|支払不能|insolvente
intermittent|সবিরাম|على فترات متقطعة|断断续续的|intermittent|wechselnd|रुक-रुक कर|intermittente|間欠|intermitente
inundate|প্রবাহিত করা|غمر|漫|inonder|überschwemmen|पाट देना|inondare|氾濫する|inundar
irascible|একরোখা|غضوب|暴躁|irascible|jähzornig|चिड़चिड़ा|irascibile|思いがけない|irascible
irk|ক্লান্ত করে তোলা|ضايق|忿怒|contrarier|ärgern|सताना|infastidire|イルク|fastidiar
irresolute|অস্থিরসঙ্কল্প|متردد|徊|irrésolu|unentschlossen|डगमग|irresoluto|無制限|irresoluto
jargon|অপভাষা|المصطلحات|行话|jargon|Jargon|शब्दजाल|gergo|専門用語|jerga
jocular|হাস্যজনক|مزوح|诙谐|enjoué|scherzhaft|रसिक|scherzoso|顎の|jocoso
junta|স্পেইনের রাষ্ট্র্রপরিষৎ|طغمة|军政府|junte|Junta|जून्टा|giunta|ジュンタ|junta
laborious|শ্রমসাধ্য|مرهق|费力的|laborieux|mühsam|व्यवसायी|laborioso|面倒な|laborioso
leery|ধূর্ত|حذر|持怀疑态度|méfiant|misstrauisch|चालाक|astuto|リリー|sospechoso
lethargic|অলস|كسول|昏睡的|léthargique|träge|सुस्त|letargico|無気力|letárgico
lucid|স্বচ্ছ|واضح|清醒|lucide|klar|स्पष्ट अर्थ का|lucido|明快な|lúcido
macabre|করাল|مروع|可怕|macabre|makaber|भयंकर|macabro|恐ろしい|macabro
malady|রোগ|مرض|弊病|maladie|Krankheit|रोग|malattia|病気|enfermedad
malevolent|হিংসক|حاقد|坏心肠的|malveillant|böswillig|द्रोही|malevolo|悪質な|malévolo
malleable|নমনীয়|طيع|可锻铸|malléable|formbar|लचीला|malleabile|可鍛性の|maleable
malleable|নমনীয়|طيع|可锻铸|malléable|formbar|लचीला|malleabile|可鍛性の|maleable
malodorous|দুর্গন্ধযুক্ত|كريه الرائحة|恶臭|malodorant|übelriechend|बदबूदार|maleodorante|悪臭の|maloliente
martial|সামরিক|عسكري|武|martial|martialisch|सामरिक|marziale|武道|marcial
maxim|বচন|حكمة|格言|maxime|Maxime|कहावत|massima|マキシム|máxima
meander|বিসর্প|تسكع|蜿蜒|méandre|Mäander|भूल भुलैया|meandro|蛇行する|meandro
melancholy|মনমরা|حزن|愁绪|mélancolie|Melancholie|उदासी|malinconia|憂鬱|melancolía
melee|দাঙ্গা|شجار|乱斗|mêlée|Nahkampf|हाथापाई|mischia|近接|pelea confusa
mesmerize|মোহিত করা|فتن|催眠|hypnotiser|hypnotisieren|सम्मोहित|ipnotizzare|魅了する|hipnotizar
misanthrope|মনুষ্যদ্বেষী|عدو الإنسان|愤世嫉俗者|misanthrope|Menschenfeind|मानवद्वेषी|misantropo|不義|misántropo
miscreant|দুর্বৃত্ত|وغد|恶棍|scélérat|Bösewicht|बदमाश|furfante|邪悪な|sinvergüenza
miser|কৃপণ|البخيل|吝啬鬼|avare|Geizhals|कंजूस|avaro|守銭奴|avaro
misogynist|স্ত্রীদ্বেষী|الكاره للنساء|厌恶|misogyne|Frauenfeind|स्री जाति से द्वेष करनेवाला|misogino|異端者|misógino
moment|মুহূর্ত|لحظة|时刻|moment|Moment|पल|momento|瞬間|momento
moot|তর্ক করা|متنازع فيه|没有实际意义|discutable|strittig|विवादास्पद|discutibile|偽|discutible
morose|বিশুষ্ক|كالح|忧郁|morose|mürrisch|उदास|imbronciato|怒る|malhumorado
morph|রূপান্তর|يتحول|变形|morph|morphen|morph|morph|モーフ|transformarse
muted|নিঃশব্দ|صامتة|静音|en sourdine|gedämpft|मौन|smorzato|ミュートされた|apagado
obdurate|একগুঁয়ে|عنيد|顽固|inflexible|verstockt|हठी|ostinato|落ち着いた|obstinado
obliging|উপকারেচ্ছু|ظريف|随和|obligeant|verbindlich|ऋणी|compiacente|義務づける|servicial
obstinate|একগুঁয়ে|عنيد|顽固|obstiné|hartnäckig|जिद्दी|ostinato|頑固な|obstinado
ornate|অলঙ্কৃত|مزخرف|华丽的|orné|aufwendig|सरूप|ornato|華やかな|florido
paradoxical|আপার্তবৈপরীত|متناقض|自相矛盾|paradoxal|paradox|असत्यवत|paradossale|逆説的な|paradójico
pastoral|যাজকসংক্রান্ত|رعوي|牧歌|pastorale|pastoral|देहाती|pastorale|パストラル|pastoral
patronize|পিঠ চাপড়ান|عاضد|宠幸|fréquenter|bevormunden|सहायता देना|patrocinare|ひいきにする|patrocinar
paucity|অনটন|ندرة|缺乏|manque|Mangel|कमी|scarsezza|不足|escasez
peevish|বদরাগী|نكد|易怒的|maussade|mürrisch|चिड़चिड़ा|stizzoso|卑しい|malhumorado
perennial|বহুবর্ষজীবী|الدائمة|多年生|vivace|Staude|चिरस्थायी|perenne|多年生|perenne
perpetuate|চিরস্থায়ী করা|تخليد|延续|perpétuer|verewigen|यादगार बनाना|perpetuare|永続する|perpetuar
perquisite|উপরিলাভ|بقشيش|额外补贴|perquis|perquisite|रिआयत|guadagno occasionale|特産品|gratificación
pertinent|প্রাসঙ্গিক|وثيقة الصلة|相关|pertinent|sachdienlich|उचित|pertinente|関連する|pertinente
perturb|বিহ্বল করা|شوش|干扰|perturber|stören|घबड़ा देना|perturbare|摂動|perturbar
peruse|পড়া|تصفح|细读|lire attentivement|lesen|सोचना|esaminare|熟読|examinar detenidamente
pine|সরলবৃক্ষ|صنوبر|松树|pin|Kiefer|देवदार|pino|パイン|pino
pinnacle|চূড়া|قمة|巅峰|sommet|Höhepunkt|शिखर|pinnacolo|頂点|pináculo
piquant|তীব্র|لاذع|调皮|piquant|pikant|सरस|piccante|印象派|picante
pithy|বলিষ্ঠ|مصقل|简练|concis|kernig|अर्थपूर्ण|conciso|哀れな|sustancial
pittance|সামান্য বেতন|مبلغ زهيد|微薄|salaire de misère|Hungerlohn|देन|miseria|ピッタンス|miseria
placid|প্রশান্ত|هادئ|波澜不惊|placide|ruhig|सौम्य|placido|穏やかな|plácido
plodding|শ্রমশীল|التثاقل|单调乏味的|marchant|trottend|परिश्रमी|plodding|プロッディング|laborioso
ploy|চাকরি|حيلة|策略|stratagème|Trick|चाल|stratagemma|賭け|táctica
powwow|কুহকী|ناقش|祈祷仪式|pow-wow|powwow|सलाह-मशविरा करना|stregone indiano|パウワウ|powwow
precarious|নিরাপত্তাহীন|خطورة|危险的|précaire|prekär|अनिश्चित|precario|不安定な|precario
precedent|নজির|سابقة|先例|précédent|Präzedenzfall|मिसाल|precedente|先例|precedente
preempt|preempt|استباق|抢占|devancer|Vorwegnahme|जगह ले लेना|precorrere|先制|adelantarse a
preemptive|স্বতপ্রণোদিত|استباقية|先发制人|préemptif|präventiv|रिक्तिपूर्व|preventivo|先制|con derecho preferente
presumption|অনুমান|افتراض|假定|présomption|Vermutung|अनुमान|presunzione|推定|presunción
presumption|অনুমান|افتراض|假定|présomption|Vermutung|अनुमान|presunzione|推定|presunción
presumptuous|কোন বেয়াদব|وقح|放肆|présomptueux|anmaßend|अभिमान|presuntuoso|予期せぬ|presuntuoso
prevail|বোঝান|ساد|战胜|prévaloir|herrschen|प्रबल|prevalere|優先する|prevalecer
prevail|বোঝান|ساد|战胜|prévaloir|herrschen|प्रबल|prevalere|優先する|prevalecer
pristine|আদিম|عزري|质朴|parfait|makellos|प्राचीन|incontaminato|原始的|prístino
pristine|আদিম|عزري|质朴|parfait|makellos|प्राचीन|incontaminato|原始的|prístino
profuse|প্রচুর|غزير|丰富的|abondant|reichlich|विपुल|profuso|大量の|profuso
profusion|প্রাচুর্য|وفرة|丰富|profusion|Fülle|प्रचुरता|profusione|豊か|profusión
proponent|প্রবক্তা|مؤيد|支持者|partisan|Befürworter|समर्थक|proponente|提唱者|proponente
provisional|কাঁচা|مؤقت|临时|provisoire|vorläufig|अनंतिम|provvisorio|仮|provisional
pugnacious|দ্বন্দ্বপ্রি়|مشاكس|好斗|pugnace|streitsüchtig|झगड़ालू|battagliero|醜い|belicoso
qualm|বিবেকের দংশন|وخز الضمير|疑虑|scrupule|Bedenken|ओकाई|nausea|クマ|escrúpulo
quandary|মুশকিল|مأزق|困惑|dilemme|Dilemma|व्याकुलता|imbarazzo|困惑|dilema
quip|পরিহাস|سخرية|讽刺|quolibet|witzeln|ताना|frizzo|口笛|sofismo
raffish|উচ্ছৃঙ্খল|سافل|粗俗|libertin|verloben|बदचलन|cafone|ラフィッシュ|disoluto
raft|ভেলা|طوف|筏|radeau|Floß|बेड़ा|zattera|ラフト|balsa
rakish|লম্পট্যপূর্ণ|فارع|俏皮的|élancé|schlau|शोहदे जैसा|libertino|卑劣な|libertino
rankle|যন্ত্রণাদায়কভাবে পাকান|فور ملهبا|溃烂|se plaindre|rangeln|पकना|far soffrire|ランク|amargar la vida
rash|ফুসকুড়ি|طفح جلدي|皮疹|téméraire|Ausschlag|लाल चकत्ते|eruzione cutanea|発疹|erupción
redress|প্রতিকার|إصلاح|纠正|redresser|Wiedergutmachung|प्रतिकार|risarcimento|救済|compensación
relegate|নির্বাসিত করা|نزل الى الدرجة الثانية|贬谪|reléguer|verweisen|बाहर निकाल देना|relegare|降格|relegar
remiss|শিথিল|غير مهتم|失职|négligent|nachlässig|बेपरवाह|negligente|放棄|descuidado
renege|পরিত্যাগ করা|تراجع|食言|renoncer|Renegieren|इनकार|venire meno a|再編成|no cumplir
replete|পরিপূর্ণ|مفعم|充满|rempli|satt|परिपूर्ण|pieno|充実した|repleto
reprobate|দুশ্চরিত্র|شرير|堕落的|réprouver|verwerfen|बदमाश|riprovare|追い払う|reprobar
reservation|সংরক্ষণ|حجز|保留|réservation|Reservierung|आरक्षण|prenotazione|予約|reserva
resignation|পদত্যাগ|استقالة|辞职|démission|Rücktritt|इस्तीफा|dimissioni|辞任|resignación
resolve|সমাধান|حل|解决|résoudre|Entschlossenheit|संकल्प|risolvere|解決する|resolver
respite|অবকাশ|تأجيل|喘息|répit|Aufschub|मोहलत|tregua|猶予|respiro
retiring|অবসর|تقاعده|退休的|sortant|in Rente gehen|अवकाश ग्रहण करने वाले|uscente|退職する|saliente
retract|প্রত্যাহার করা|تراجع|撤回|se rétracter|einfahren|वापस लेना|ritrattare|収縮する|retraer
rile|জল ঘোলা করা|غيظ|激怒|agacer|ärgern|चिढ़ाना|irritare|リール|sacar de quicio
robust|শক্তসমর্থ|قوي|强大的|robuste|robust|मजबूत|robusto|ロバストな|robusto
sanctimonious|ধর্মধ্বজী|مدعي التهذيب|道貌岸然|moralisateur|scheinheilig|पाखंडी|bigotto|聖なる|mojigato
sanguine|অরূণ|متفائل|乐观|sanguine|sanguinisch|आशावादी|sanguigno|楽しい|optimista
savvy|কাণ্ডজ্ঞান|ذكاء|精明|averti|kapieren|सामान्य बुद्धि|esperto|精通した|comprensión
savvy|কাণ্ডজ্ঞান|ذكاء|精明|averti|kapieren|सामान्य बुद्धि|esperto|精通した|comprensión
savvy|কাণ্ডজ্ঞান|ذكاء|精明|averti|kapieren|सामान्य बुद्धि|esperto|精通した|comprensión
scintillating|কাটল|متألقا|闪烁|scintillant|schillernd|जुटाकर|scintillante|シンチレーション|brillante
screed|ক্লান্তিকর বক্তৃতা|خطبة طويلة|熨平板|chape|Estrich|भूमि का टुकड़ा|massetto|スクリード|maestra
sentimental|ভাবপ্রবণ|عاطفي|感伤|sentimental|sentimental|भावुक|sentimentale|センチメンタル|sentimental
serendipity|লাভজনক|الصدفة|意外发现|sérendipité|Serendipität|नसीब|Serendipity|意外な|serendipia
serene|নির্মেঘ|هادئ|安详|serein|heiter|निर्मल|sereno|穏やかな|sereno
slapdash|বেপরোয়া ত্ত হঠকারী|بتسرع|草率|slapdash|schludrig|किसी न किसी तरह|raffazzonato|スラップダッシュ|despreocupado
smattering|পল্লবগ্রাহী|معرفة سطحية|一知半解|poignée|schmatzend|गिरोह|infarinatura|片言|noción
smug|ফিটফাট|معتد بنفسه|踌躇满志|suffisant|selbstgefällig|आत्मसंतुष्ट|compiaciuto|酔っぱらい|presumido
snide|বিদ্রুপপূর্ণ|وضيع|卑鄙|sarcastique|abfällig|जाली|maligno|殺す|sarcástico
snub|তিরস্কার|أفطس|冷落|snober|Brüskierung|अपमान|affronto|スナブ|desaire
sordid|নোংরা|دنيء|污秽|sordide|schmutzig|घिनौना|sordido|ソーダイド|sórdido
spendthrift|ডোকলা|مبذر|败家子|dépensier|Verschwender|उड़ाऊ|spendaccione|浪費|derrochador
spurn|লাথি মারা|صد|拒斥|rejeter|verschmähen|तिरस्कार|respingere|捨てる|rechazar
squander|ফুঁকা|بدد|浪费|gaspiller|verschwenden|गंवाना|sperperare|浪費|malgastar
staid|অটল|رزين|稳重|obstiné|staid|शांत|compassato|落ち着いた|serio
start|শুরু|بداية|开始|début|Start|शुरु|inizio|開始|comienzo
steadfast|অপলক|ثابت|坚定|ferme|standhaft|दृढ़|costante|不動の|firme
stem|ডাঁটা|إيقاف|干|tige|Stengel|तना|stelo|幹|vástago
stipend|বৃত্তি|راتب|助学金|traitement|Stipendium|वेतन|congrua|奨励|estipendio
stolid|অবিচলিত|عديم الاحساس|感觉迟钝的|flegmatique|schwerfällig|आवेगहीन|stolido|堅い|flemático
stymie|কোণঠাসা করা|وضع حرج|阻碍|stymie|Stymie|गतिरोध|stymie|ストイミー|bloquear
summit|শিখর|قمة|首脑|sommet|Gipfel|शिखर सम्मेलन|vertice|サミット|cumbre
summit|শিখর|قمة|首脑|sommet|Gipfel|शिखर सम्मेलन|vertice|サミット|cumbre
surly|কর্কশকণ্ঠ|عابس|阴沉的|bourru|mürrisch|असभ्य|burbero|ひどい|hosco
tact|কৌশলের সূক্ষ্মতা|براعة|分寸感|tact|Takt|शिष्टाचार|tatto|タクト|tacto
tarnish|কলঙ্কিত করা|تلطخ|玷污|ternir|trüben|कलंकति करना|offuscare|変色する|deslustre
tawdry|চটকদারভাবে শোভিত|مبهرج|俗丽的东西|clinquant|schäbig|चमकी का|pacchiano|安っぽい|cursi
taxing|কর আরোপিত|شاق مرهق|征税|taxation|Besteuerung|चुंगी का|oneroso|課税する|agotador
telling|বলছেন|يقول|告诉|récit|erzählen|कह रही|raccontare|伝える|narración
telltale|যে ব্যক্তি পরের অন্যায় জানায়|واش|揭秘|témoin|verräterisch|भांजीमार|pettegolo|伝える|indicador
tender|কোমল|مناقصة|投标|soumissionner|zärtlich|निविदा|tenero|入札|oferta
thoroughgoing|পুঙ্খানুপুঙ্খ|مغالي|彻底|approfondi|gründlich|कट्टर|approfondita|徹底した|concienzudo
thrifty|মিতব্যয়ী|مقتصد|节俭|économe|sparsam|मितव्ययी|parsimonioso|倹約|ahorrativo
thwart|অনুপ্রস্থ|إحباط|阻挠|contrecarrer|vereiteln|विफल|contrastare|邪魔する|frustrar
tirade|সুদীর্ঘ বক্তৃতা|خطبة مسهبة عنيفة|长篇大论|tirade|Tirade|टाइरैड|filippica|長広舌|diatriba
tout|দালাল|بائع متجول|兜售|tout|Schlepper|टाउट|tout|誘惑する|revendedor
transitory|নশ্বর|عابر|短暂的|transitoire|vorübergehend|क्षणसाथी|transitorio|一過性の|transitorio
travail|পরিশ্রম|مخاض|阵痛|travail|travail|दु: ख उठाकर|doglie del parto|苦しむ|dolores del parto
tribulation|হতাশা উদ্রেককারী ঘটনায় ধীর|محنة|苦难|tribulations|Drangsal|क्लेश|tribolazione|試練|tribulación
tumult|দাঙ্গা|شغب|骚动|tumulte|Tumult|कोलाहल|tumulto|騒乱|tumulto
uncanny|ভুতুড়ে|خارق للطبيعة|神秘的|étrange|unheimlich|अलौकिक|sconcertante|凄い|misterioso
uncompromising|অদম্য|عنيد|坚定的|intransigeant|kompromisslos|सीधा|intransigente|妥協のない|intransigente
unconscionable|অযৌক্তিক|غير معقول|过度的|déraisonnable|skrupellos|बेशरम|eccessivo|不経済な|excesivo
underwrite|স্বাক্ষর করা|الاكتتاب|包销|souscrire|unterschreiben|बीमा कराना|sottoscrivere|引き受ける|suscribir
unnerve|সাহসশূন্য বলশূন্য করা|فقد ثقته بنفسه|失去勇气|déconcerter|entnerven|शांत लेना|snervare|勇気を失う|enervar
unprecedented|অভূতপূর্ব|غير مسبوق|史无前例|sans précédent|beispiellos|अभूतपूर्व|inaudito|前例のない|sin precedentes
unruly|অবশ|جامح|不羁|indiscipliné|widerspenstig|अनियंत्रित|indisciplinato|手が出ない|revoltoso
unseemly|অনুচিত|غير لائق|不体面|inconvenant|ungehörig|गंदा|sconveniente|不条理な|impropio
urbane|শহরস্থ|مؤدب|彬彬有礼|urbain|urban|शिष्ट|cortese|都市|urbano
vacuous|শূন্য|فارغ|空虚的|vide|leer|असार|vacuo|空いている|vacío
vanquish|পটকান|قهر|征服|vaincre|besiegen|जीतना|vincere|征服する|vencer a
variance|অনৈক্য|التباين|方差|variance|Varianz|झगड़ा|varianza|分散|diferencia
veneer|পাতলা তক্তার আবরণ|القشرة|单板|vernis|Furnier|पोशिश|impiallacciatura|ベニヤ|chapa
vicarious|প্রতিনিধি কাজ করে এমন|غير مباشر|替代|vicaire|stellvertretend|प्रतिनिधिक|vicario|代理人|vicario
vie|প্রতিযোগিতা করা|تنافس|争夺|rivaliser|wetteifern|होड़ करना|gareggiare|争う|rivalizar
vindictive|প্রতিহিংসাপরায়ণ|انتقامي|斗气|vindicatif|rachsüchtig|प्रतिशोधी|vendicativo|悪意のある|vengativo
virago|রায়বাঘিনী|إمرأة سليطة|泼妇|virago|Virago|virago|megera|ヴィラゴ|virago
voracious|খাইয়ে|شره|贪心|vorace|gefräßig|पेटू|vorace|貪欲な|voraz
wanton|অসচ্চরিত্র|وحشي|放肆|capricieux|mutwillig|प्रचंड|lascivo|無慈悲な|sin sentido
wax|মোম|الشمع|蜡|la cire|Wachs|मोम|cera|ワックス|cera
whimsical|অদ্ভুত|غريب الأطوار|怪诞的|capricieux|wunderlich|सनकी|capriccioso|気まぐれな|caprichoso
zenith|সুবিন্দু|ذروة|顶点|zénith|Zenit|शीर्षबिंदु|zenit|天頂|cenit
abjure|শপথপূর্বক পরিত্যাগ করা|تنكر|公开放弃|abjurer|abschwören|त्यागना|abiurare|アブジャレ|abjurar de
abrogate|উচ্ছেদ করা|فسخ|废除|abroger|aufheben|अभिनिषेध करना|abrogare|廃止する|abrogar
adjudicate|ন্যায়নির্ণয় করা|فصل|裁定|juger|entscheiden|निर्णय करना|giudicare|裁定する|juzgar
afford|সামর্থ্য|تحمل|给予|offrir|sich leisten|बर्दाश्त|permettersi|余裕|permitirse
alacrity|ব্যগ্রতা|مبتهج|敏捷|empressement|Bereitwilligkeit|तत्परता|alacrità|空白|prontitud
anachronism|কালবৈষম্য|مفارقة تأريخية|不合时宜|anachronisme|Anachronismus|कालभ्रम|anacronismo|時代錯誤|anacronismo
anathema|অভিশাপ|لعنة|诅咒|anathème|Anathema|अभिशाप|anatema|嫌悪|anatema
anemic|রক্তহীন|مصاب بفقر الدم|贫血的|anémique|anämisch|रक्तहीनता से पीड़ित|anemico|貧血|anémico
anodyne|বেদনানাশক|مسكن|止痛药|calmant|unordentlich|पीड़ा-नाशक|anodino|アノード|anodino
anodyne|বেদনানাশক|مسكن|止痛药|calmant|unordentlich|पीड़ा-नाशक|anodino|アノード|anodino
antic|অদ্ভুতদর্শন|سلوك غريب|滑稽|antique|antik|विलक्षण|grottesco|アンティーク|grotesco
aplomb|আত্মবিশ্বাস|ثقة بالنفس|沉着|aplomb|Gelassenheit|अभिमान|aplomb|腹を立てる|aplomo
apogee|অপভূ|أوج|远地点|apogée|Höhepunkt|पराकाष्ठा|apogeo|アポジ|apogeo
apostate|ধর্মত্যাগী|مرتد|变节者|apostat|Apostat|स्वधर्मत्यागी|apostata|背教者|apóstata
apothegm|apothegm|apothegm|格言|apothegm|apothegm|apothegm|apothegm|アポジアム|apotegma
apotheosis|নাটকের শেষ|تأليه|神化|apothéose|Apotheose|गुणगान|apoteosi|神話|apoteosis
approbatory|অনুমোদনাত্মক|approbatory|认可的|approbatoire|approbatorisch|पाशंससूचक|approbatory|近所|aprobatorio
appropriate|যথাযথ|مناسب|适当|approprié|angemessen|उपयुक्त|adeguata|適切な|apropiado
appropriate|যথাযথ|مناسب|适当|approprié|angemessen|उपयुक्त|adeguata|適切な|apropiado
appurtenant|আনুষঙ্গিক|المنخفضة التابعة لها|从属的|attaché|zugehörig|लगाव|pertinenziali|付随する|anexo
arch|খিলান|قوس|拱|cambre|Bogen|मेहराब|arco|アーチ|arco
arrant|আকাট|بكل ما في الكلمة من معنى|彻头彻尾|fieffé|Arrant|कुख्यात|arrant|アレンジ|redomado
arriviste|arriviste|arriviste|暴发户|arriviste|arriviste|arriviste|arriviste|到着|arribista
arrogate|গর্ব প্রকাশ করা|انتحل|擅取|arroger|anmaßend|हथियाना|arrogarsi|代理人|apropiarse
artifice|কারচুপি|حيلة|技巧|artifice|Kunstgriff|युक्ति|artificio|工芸品|artificio
artless|আলাভোলা|ساذج|朴实的|naïf|kunstlos|अनाड़ी|ingenuo|無愛想な|simple
artlessness|artlessness|العفوية|笨拙|naïveté|Kunstlosigkeit|अकृत्रिमता|ingenuità|素朴|naturalidad
asperity|কাটব্য|قسوة|粗糙|aspérité|Rauheit|तीक्ष्णता|asperità|アスペリティ|aspereza
assiduously|এভাবেই|بدأب|刻苦钻研|assidûment|gewissenhaft|परिश्रम से|assiduamente|念入りに|asiduamente
atavism|অধিসঁচার|التأسل الرجعي|返祖现象|atavisme|Atavismus|विरासत|atavismo|アトビズム|atavismo
attenuate|কৃশ|هزل|衰减|atténuer|abschwächen|दुर्बल होना|attenuare|減衰|atenuar
autocratic|স্বৈরাচারী|استبدادي|专制|autocratique|autokratisch|निरंकुश|autocratico|独裁的な|autocrático
autocratic|স্বৈরাচারী|استبدادي|专制|autocratique|autokratisch|निरंकुश|autocratico|独裁的な|autocrático
baleful|বিপর্যয়কর|مؤذ|恶意|funeste|unheilvoll|हानिकारक|funesto|素朴な|funesto
base|ভিত্তি|قاعدة|基础|base|Base|आधार|base|ベース|base
bastardization|bastardization|الإفساد|私生子|bastardisation|Bastardisierung|bastardization|imbastardimento|虐待|bastardización
beg|প্রার্থনা করা|إفترض جدلا|求|mendier|bitten|निवेदन करना|elemosinare|請う|mendigar
bemoan|বিলাপ করা|تحسر على|哀叹|déplorer|beklagen|रोना|lamentarsi|嘆く|lamentar
benighted|রাত্রিগ্রস্ত|جاهل|赶路到天黑的|aveugle|beneidet|अनाड़ी|ottenebrato|未満の|ignorante
bereft|প্রি়জন-নিয়োগবিধুর|ثكل|丧失|privé|beraubt|दीवाना|privo|ベレフト|privado
bereft|প্রি়জন-নিয়োগবিধুর|ثكل|丧失|privé|beraubt|दीवाना|privo|ベレフト|privado
besotted|বুঁদ|كنس|糊涂的|abruti|vernarrt|मूढ़|besotted|ブースター|atontado
besotted|বুঁদ|كنس|糊涂的|abruti|vernarrt|मूढ़|besotted|ブースター|atontado
bilious|পৈত্ত|صفراوي|坏脾气的|bilieux|gallig|bilious|bilioso|卑劣な|bilioso
blinkered|blinkered|ضيق الأفق|狭隘|clignotant|mit Scheuklappen|blinkered|paraocchi|まばゆい|estrecho de miras
bowdlerize|কোনো বইয়ের অশ্লীল অংশ বাদ দেওয়া|هذب كتابا|bowdlerize|expurger|säubern|bowdlerize|espurgare|夢中になる|expurgar
bridle|লাগাম|لجام|辔|bride|Zaum|लगाम|briglia|ブライドル|brida
bridle|লাগাম|لجام|辔|bride|Zaum|लगाम|briglia|ブライドル|brida
bristle|কূর্চ|جعله ينتصب|鬃|poil|Borste|बाल खड़े करना|setola|剛毛|cerda
broadside|রণপোতের একপার্শ্বস্থিত সমুদয় কামান|هجوم مركز|宽边|bordée|Breitseite|नाव का पहलू|fiancata|舷側|costado
bromide|নীরস মন্তব্য|البروميد|溴|bromure|Bromid|ब्रोमाइड|bromuro|ブロマイド|bromuro
brook|সহ্য করা|غدير|溪|ruisseau|Bach|नदी|ruscello|小川|arroyo
browbeat|শাসান|خوف|吓唬|intimider|Brauenschlag|धमकाना|vincere con sfrontatezza|ブラブラ|atemorizar
byzantine|কনস্ট্যাণ্টিনোপলের|البيزنطي|拜占庭式的|byzantin|byzantinisch|बीजान्टिन|bizantino|ビザンチン|bizantino
callow|অজাতপক্ষ|قليل الخبرة|乳臭未干|inexpérimenté|rufen|अनुभवहीन|imberbe|コールウォー|inexperto
canard|মিথ্যা গুজব|إشاعة كاذبة|鸭|canard|Ente|बेबुनियाद ख़बर|canard|カナード|bulo
capitulate|আত্মসমর্পণ করা|أذعن|投降|capituler|kapitulieren|शर्त पर हथियार डाल देना|arrendersi|降伏する|capitular
cataclysm|প্লাবন|طوفان|激变|cataclysme|Katastrophe|प्रलय|cataclisma|大変動|cataclismo
catholic|বিশ্বজনীন|كاثوليكي|天主教徒|catholique|katholisch|कैथोलिक|cattolico|カトリック|católico
cede|সমর্পণ করা|تنازل|放弃|céder|abtreten|सौंपना|cedere|セド|ceder
celerity|বেগ|سرعته|波速|célérité|Geschwindigkeit|ज्लदी|celerità|セレリティ|hombre destacado
chagrin|বিরক্তি|غم|懊恼|dépit|Ärger|चिढ़|disappunto|悪魔|disgusto
chagrin|বিরক্তি|غم|懊恼|dépit|Ärger|चिढ़|disappunto|悪魔|disgusto
charlatan|হাতুড়ে ডাক্তার|الدجال|庸医|charlatan|Scharlatan|मायावी|ciarlatano|チャーラタン|charlatán
chary|সাবধান|حذر|细心|prudent|vorsichtig|होशियार|cauto|キャリー|cauteloso
chauvinism|অন্ধ দেশহিতৈষিতা|الشوفينية|沙文主义|chauvinisme|Chauvinismus|अंधराष्ट्रीयता|sciovinismo|戸惑う|chauvinismo
chimera|মিথ্যা কল্পনা|الكمير كائن خرافي|嵌合体|chimère|Chimäre|कल्पना|chimera|キメラ|quimera
choleric|দজ্জাল|ناشئ عن الكوليرا|易怒的|colérique|cholerisch|चिड़चिड़ा|collerico|コレリック|colérico
churlish|রূক্ষ|صعب المراس|粗野的|grossier|schwachsinnig|अक्खड़|villano|奇妙な|poco afable
complaisant|সেবকোচিত|كياسة|柔顺|complaisant|gefällig|मेहरबान|compiacente|控えめな|cortés
complicit|আছে complicit|متواطئة|同谋|complice|Kompliziert|complicit|complici|共謀者|cómplice
conciliate|শান্ত করা|استرضى|怀柔|concilier|versöhnen|समझौता करना|conciliare|調停する|conciliar
concomitant|সহগামী|يصاحب ذلك|伴随|concomitant|begleitend|सहगामी|concomitante|付随する|concomitante
conflagration|অগ্নিকাণ্ড|حريق|燹|incendie|Feuersbrunst|आग|conflagrazione|火災|conflagración
conflate|গলিয়ে মিশিয়ে|الخلط|合并|fusionner|zusammenfließen|conflate|conflate|融合する|combinar
contentious|কুস্বভাব|إثارة للخلاف|争议|contentieux|umstritten|विवादास्पद|contenzioso|争う|contencioso
corollary|অনুসিদ্ধান্ত|اللازمة - النتيجة|推论|corollaire|logische Folge|परिणाम|corollario|必然的|corolario
cosseted|cosseted|المدلل|娇生惯养|cosseted|bezaubert|cosseted|cosseted|卑劣な|cosseted
coterminous|একই সীমানাবিশিষ্ট|تتزامن|毗连|coïncide|gleichzeitig|coterminous|confinante|共に|coterminoso
countermand|পূর্বাদেশ প্রত্যাহার|فسخ|反对命令|annuler|Widerruf|countermand|contrordine|逆襲|contraorden
cow|গাভী|بقرة|牛|vache|Kuh|गाय|mucca|牛|vaca
crestfallen|ভগ্নোত্সাহ|مكتئب|垂头丧气|découragé|niedergeschlagen|crestfallen|avvilito|クレストフォールテン|cabizbajo
crystallize|স্ফটিকে পরিণত করা|تبلور|结晶|cristalliser|kristallisieren|मणिभ|cristallizzare|結晶化する|cristalizar
cupidity|ধনতৃষ্ণা|طمع|贪婪|cupidité|Gier|अर्थलिप्सा|cupidigia|貪欲|codicia
curmudgeon|কৃপণ লোক|البخيل|守财奴|avare|Griesgram|कृपण|musone|呪術師|cascarrabias
debonair|সুদর্শনতা|مبتهج|温文尔雅|debonair|elegant|ख़ुशमिज़ाज|affabile|デボンネア|elegante
decry|সমালোচনা করা|شجب|诽谤|décrier|anprangern|दोष देना|decry|デクリ|desacreditar
defray|বহন করা|تحمل|支付|payer|bestreiten|चुकाना|pagare|デフレー|sufragar
deign|প্রসন্ন হত্তয়া|تفضل|屈尊|daigner|geruhen|योग्य समझना|degnare|設計する|dignarse
demonstrative|নির্দেশক|إيضاحي|示范|démonstratif|demonstrativ|ठोस|espansivo|説明的な|demostrativo
denouement|অন্তীম দৃশ্য|حل العقدة في الرواية|结局|dénouement|Auflösung|उपसंहार|scioglimento|デニュメント|desenlace
derelict|পরিত্যক্ত|مهجور|被遗弃|abandonné|verfallen|त्याग किया हुआ|derelitto|孤立した|abandonado
derelict|পরিত্যক্ত|مهجور|被遗弃|abandonné|verfallen|त्याग किया हुआ|derelitto|孤立した|abandonado
desiccated|শুষ্ক|مجفف|脱水|desséché|getrocknet|निर्जलीकृत|essiccato|乾燥した|desecado
desideratum|অভীষ্ট|أمنية|所愿望之物|desideratum|Desideratum|अभीष्ट|desideratum|望む|deseo
despot|শাসক|مستبد|暴君|despote|Despot|तानाशाह|despota|独裁者|déspota
diatribe|সুদীর্ঘ বিতর্ক|خطبة لاذعة|诽谤|diatribe|Schmährede|अभियोगात्मक भाषण|diatriba|告発する|diatriba
diminutive|সঙ্কুচিত|صيغة التصغير|爱称|diminutif|winzig|अल्पार्थक|diminutivo|小さな|diminutivo
diminutive|সঙ্কুচিত|صيغة التصغير|爱称|diminutif|winzig|अल्पार्थक|diminutivo|小さな|diminutivo
disabuse|ভ্রান্ত ধারণাদি হইতে মুক্ত করা|حرر من الوهم|省悟|détromper|befreien|माया हटाना|disingannare|乱用する|desengañar
discursive|অপ্রাসঙ্গিক|استطرادي|话语|discursif|diskursiv|असंबद्ध|digressivo|談話的|discursivo
disingenuous|কপট|مخادع|不诚实的|fourbe|unaufrichtig|कपटी|falso|不誠実な|falso
dispensation|বিধান|إعفاء|分配|dispense|Dispensation|व्यवस्था|dispensa|世代|dispensa
dissemble|ছদ্মবেশ ধারণ করা|راءى|掩饰|dissimuler|verbergen|स्वांग रचना|dissimulare|蔑む|disimular
dissipate|উড়া|تبدد|消散|se dissiper|zerstreuen|नष्ट करना|dissipare|消散する|disipar
dissipate|উড়া|تبدد|消散|se dissiper|zerstreuen|नष्ट करना|dissipare|消散する|disipar
dissolution|দ্রবণ|تحلل|解散|dissolution|Auflösung|विघटन|dissoluzione|溶解|disolución
doleful|বেদনাপূর্ণ|حزين|酸溜溜|dolent|traurig|मातमी|triste|幸せな|triste
dolorous|মর্মযন্ত্রণাপূর্ণ|حزين|牵肠挂肚|douloureux|schmerzhaft|दर्दनाक|doloroso|二色|doloroso
doughty|দুর্দম|باسل|强悍|vaillant|tüchtig|हिम्मती|doughty|荒々しい|hazañoso
dovetail|খাঁজে খাঁজে আটকান|تعشيقة|燕尾|queue d&#39;aronde|Schwalbenschwanz|तफ़सील|incastro|ダブテール|encajar
duplicity|ছলনা|نفاق|表里不一|duplicité|Duplizität|कपट|duplicità|二枚舌|duplicidad
ebullient|অত্যুত্সাহী|متحمس|热情洋溢|exubérant|überschwänglich|उबलनेवाला|bollente|幸せな|exuberante
effervescent|বুদ্বুদপূর্ণ|فائر|泡腾片|effervescent|schäumend|चमकता हुआ|effervescente|発泡|efervescente
effrontery|প্রগল্ভতা|وقاحة|厚颜无耻|effronterie|Unverschämtheit|गुस्ताख़ी|sfrontatezza|遠赤外線|descaro
elegiac|করুণ|رثائي|挽联|élégiaque|elegisch|शोक|elegiaco|エレジー|elegíaco
embryonic|আদিম|الخلايا الجنينية|胚胎|embryonnaire|embryonal|भ्रूण|embrionale|胚性の|embrionario
empiricism|প্রয়োগবাদ|التجريبية|经验主义|empirisme|Empirismus|अनुभववाद|empirismo|経験主義|empirismo
enamor|মোহিত করা|لمع|迷住|être séduit par|Enamour|आनंदित करना|innamorare|愛する|estar enamorado
encumber|বিভ্রান্ত করা|عاق|阻塞|encombrer|belasten|उलझाना|gravare|邪魔する|cargar
enjoin|নিষেধ করা|أمر|责成|enjoindre|gebieten|हुक्म चलाना|ingiungere|エンジョイン|imponer
enormity|বিশালতা|ضخامة|艰巨|énormité|Ungeheuerlichkeit|दुष्टता|enormità|凶悪|enormidad
enthrall|দাসত্বে আবদ্ধ করা|فتن|使服从|captiver|begeistern|ग़ुलाम बनाना|affascinare|魅了する|cautivar
epigram|এপিগ্র্যাম|ساخر|警句|épigramme|Epigramm|चुटकुला|epigramma|警句|epigrama
epiphany|নিকট যীশুর আবির্ভাব|إستيعاب|顿悟|Épiphanie|Offenbarung|इपिफ़नी|Epifania|出生|Epifanía
eponym|eponym|مسماة|名字命名|éponyme|Namensgeber|नामस्त्रोत|eponimo|エポニム|epónimo
equitable|ন্যায়সঙ্গত|العادل|公平|équitable|gerecht|न्यायसंगत|equo|公平な|equitativo
equivocate|বাক্চাতুরী করা|راوغ|支应|tergiverser|zweideutig|गोलमोल बात कहना|esprimersi in modo ambiguo|衡平|usar equívocos
ersatz|বদলি লোক বস্তু|بديل|代用品|ersatz|Ersatz|कृत्रिम वस्तु|surrogato|ersatz|sucedáneo
estimable|শ্রদ্ধেয়|جدير بالاحترام|难能可贵|estimable|schätzbar|आदर लायक़|stimabile|推定可能な|estimable
ethereal|গগনচারী|أثيري|空灵|éthéré|ätherisch|ईथर का|etereo|エーテル|etéreo
evanescent|বিলীয়মান|زائل|逝|évanescent|flüchtig|क्षणभंगुर|evanescente|エバネセント|evanescente
excoriate|কঠোর সমালোচনা করা|ننتقد|苛责|excorier|excoriate|रगड़ डालना|scorticare|激怒する|excoriar
execrate|ঘৃণা করা|لعن|诅咒|exécrer|verfluchen|नफ़रत करना|esecrare|エグゼクティブ|execrar
exegesis|বাইবেলের সমালোচনা ও ভাষ্য|تفسير|注释|exégèse|Exegese|टीका|esegesi|釈義|exégesis
exemplar|আদর্শ|نموذج|模范|exemple|Exemplar|नमूना|esemplare|模範|ejemplar
exiguity|দীনতা|القلة|exiguity|exiguïté|Exiguität|दरिद्रता|esiguità|不思議|exigüidad
exorbitant|গলাকাটা|باهظ|高昂|exorbitant|exorbitant|अत्यधिक|esorbitante|大量の|exorbitante
expansive|অকপট|متمدد|广阔|expansif|ausdehnend|प्रशस्त|espansivo|広範|expansivo
expunge|মুছিয়া ফেলা|محا|抹去|effacer|löschen|मिटाना|espungere|消滅|borrar
expurgate|শোধন করা|نقح|expurgate|expurger|reinigen|expurgate|espurgare|失効させる|expurgar
extrapolate|পূর্বেই দেখা|قدر إستقرائيا|推断|extrapoler|extrapolieren|एक्सट्रपलेशन करना|estrapolare|外挿する|extrapolar
facile|সহজ|واثق من نفسه|灵巧的|facile|leicht|सुगम|facile|容易な|fácil
factious|দলাদলি-প্রবণ|مثير للشقاق|争论的|factieux|fanatisch|अराजक|fazioso|ファッショナリー|faccioso
factitious|কপট|صنعي|人为|artificiel|künstlich|नक़ली|artificioso|事実上の|facticio
feckless|অসহায়|فارع|没出息|incapable|Furchtlos|अबल|inefficiente|無防備な|irresponsable
fecund|উর্বর|ولود|丰饶的|fécond|fruchtbar|उपजाऊ|fecondo|繁殖|fecundo
fell|খোলস|سقط|下跌|est tombée|fiel|गिर गया|abbattere|落ちた|cayó
firebrand|জ্বলন্ত কাষ্ঠখণ্ড|جمرة|放火者|brandon|Feuerbrand|तेजतर्रार|tizzone|火花|marca de fuego
flag|পতাকা|علم|旗|drapeau|Flagge|झंडा|bandiera|フラグ|bandera
flippant|জেঠা|وقح|轻率|désinvolte|leichtfertig|क्षुद्र|impertinente|軽い|ligero
flummox|বিহ্বল করা|خفق|惊讶|démonter|flummox|घबराना|sconcertare|flummox|desconcertar por
fractious|ঝগড়াটে|عنيد|易怒的|hargneux|widerspenstig|झगड़ालू|litigioso|荒々しい|díscolo
gaffe|অসমীচীন কাজ|حماقة|过失|gaffe|Fauxpas|चूक|gaffe|ガッフェ|metedura de pata
gambit|gambit|مناور|话题|gambit|Gambit|पहला क़दम|gambetto|ガンビット|gambito
gerrymander|কূটকৌশল|إعادة صوغ|gerrymander|faire du charcutage électoral|Wahlkreisschiebung|जालसाज़ी करना|manipolazione|ゲリマンダー|falsificación de elecciones
graft|ঘুস|تطعيم|接枝|greffer|Transplantat|कलम|innestare|移植|injerto
grandiloquent|আড়ম্বরপূর্ণ|طنان|夸张|grandiloquent|Hochtrabant|आडंबरपूर्ण|magniloquente|壮大な|grandilocuente
gumption|কাণ্ডজ্ঞান|التضميغ|进取心|jugeote|Grips|तर्कशीलता|buonsenso|ガムプション|listeza
hagiographic|hagiographic|المبجلة|理想化|hagiographique|hagiographisch|hagiographic|agiografica|聖人|hagiográfico
hail|শিলাবৃষ্টি|وابل|冰雹|saluer|Hagel|जय हो|grandinare|雹|granizo
halcyon|মাছরাঙা|القاوند طائر|宁静|alcyon|Halcyon|धीर|calmo|ハルシオン|martín pescador
hauteur|ঔদ্ধত্য|الإستكبار|傲慢|hauteur|Hochmut|अभिमान|hauteur|オートクチュール|hauteur
hector|ডহক্টর|المستبد|赫克托|Hector|tyrannisieren|हेक्टर|ettore|ヘクター|Héctor
hedge|প্রতিবন্ধক|التحوط أو طوق|树篱|haie|Hecke|बाड़ा|siepe|ヘッジ|cobertura
histrionic|নাটকীয়|تمثيلي|戏剧性|théâtral|histrionisch|अभिनय-संबंधी|istrionico|ヒストリックな|histriónico
hoary|ধূসরাভ|أشيب|苍老|chenu|grauhaarig|सफ़ेद|canuto|老人|canoso
hobble|ব্যাহত করা|عرج|蹒|entraver|humpeln|बंधन|zoppicare|ぐすぐる|cojear
hoodwink|চাল মারা|خدع بمظهره الكاذب|蒙蔽|frauder|hoodwink|आंख में धूल झोंकना|ingannare|フードウィンク|engañar
hubris|ঔদ্ধত্য|الغطرسة|傲慢|hubris|Hybris|अभिमान|tracotanza|傲慢|arrogancia
illustrious|প্রসিদ্ধ|شهير|杰出|illustre|illustre|शानदार|illustre|著名な|ilustre
imbibe|হজম করা|تشرب|吸收|boire|trinken|पी लेना|assorbire|吸う|beber
imbroglio|জটিল অবস্থা|وضع معقد|纠葛|imbroglio|Verwirrung|उलझन|imbroglio|イブログリオ|embrollo
immure|জেলে পোরা|أحاطه بأسوار|之免疫|emmurer|einmauern|क़ैद करना|imprigionare|未熟|emparedar
impecunious|নি: স্ব|معدم|身无分文|impécunieux|mittellos|बेचारा|senza denaro|邪悪な|pobre
imperious|স্বেচ্ছাচারী|ملح|专横|impérieux|herrisch|शाही|imperioso|不器用な|imperioso
impervious|অভেদ্য|منيع|抗渗|imperméable|undurchlässig|प्रबल|impervio|不浸透性の|impermeable
impetuous|বেগবান|متهور|浮躁|impétueux|ungestüm|अविवेकी|impetuoso|衝動的|impetuoso
importuned|importuned|importuned|强求|importuné|importiert|importuned|importunato|importuned|importunado
improvident|অপরিণামদর্শী|مسرف|远见|imprévoyant|sorglos|उड़ाऊ|imprevidente|即興|imprevisor
impugn|সত্যতা অস্বীকার করা|فند|抨击|attaquer|impugn|बहस करना|impugnare|衝撃する|impugnar
impute|আরোপ করা|عزا|归罪|imputer|unterstellen|मढ़ना|imputare|反論する|imputar
inanity|অসারতা|تفاهة|空虚|ineptie|Dummheit|बेहूदा बात|inanità|不幸|inanidad
inchoate|অপরিণত|غير مكتمل|初步|fruste|inchoate|इब्तिदाई|incipiente|ちょっとした|rudimentario
incontrovertible|অকাট্য|لا يقبل الجدل|不容置疑|irréfutable|unbestreitbar|मुंहतोड़|incontrovertibile|不本意な|incontrovertible
indigent|অভাবী|معوز|贫困|indigent|bedürftig|दरिद्र|indigente|貧しい|indigente
indigent|অভাবী|معوز|贫困|indigent|bedürftig|दरिद्र|indigente|貧しい|indigente
ineffable|অনির্বচনীয়|لا يوصف|不可言说|ineffable|unaussprechlich|अकहा|ineffabile|不可能な|inefable
ineluctable|অপরিহার্য|حتمي|不可避免|inéluctable|unausweichlich|अनिवार्य|ineluttabile|避けられない|ineluctable
inequity|অন্যায়|ظلم|不公平|iniquité|Ungerechtigkeit|अन्याय|ineguaglianza|不公平|falta de equidad
infelicitous|বেমানান|عبوس|不恰当的|malheureux|unglücklich|ख़राब|infelice|無益な|infeliz
inimitable|অতুলন|لا يضاهى|独特的|inimitable|unnachahmlich|अननुकरणीय|inimitabile|珍|inimitable
insouciance|অনাসক্তি|لا مبالاة|漫不经心|insouciance|Sorglosigkeit|लापरवाही|insouciance|不誠実|despreocupación
insufferable|অসহনীয়|لا يطاق|不能忍受的|insupportable|unerträglich|दम्भी|insopportabile|耐え難い|insufrible
internecine|মারাত্মক|مميت|自相残杀|internecine|Bruderschaft|आपसी|micidiale|internecine|aniquilación mutua
intimation|অনুবেদন|ايحاء|暗示|intimation|Andeutung|सूचना|intimazione|暗示|intimación
inure|সহান|مرس|皆能|entrer en vigueur|gewöhnen|तपाना|abituare|不合理な|acostumbrar
invective|আক্রমণমূলক|قدح|漫骂的|invective|Schmähung|फटकार|invettiva|毒舌|invectiva
invidious|বাস্তব বা কাল্পনিক অবিচারপ্রসূত|حسود|令人反感|injuste|gehässig|अपमानजनक|spiacevole|無邪気な|odioso
inviolable|অলঙ্ঘনীয়|لا تنتهك حرمته|不可侵犯|inviolable|unverletzlich|पवित्र|inviolabile|不可侵|inviolable
inviolate|অলঙ্ঘিত|لا تنتهك حرمته|不可侵犯|inviolé|unantastbar|अखण्ड|inviolato|侵略者|inviolado
irrefutable|অকাট্য|لا يقبل الجدل|确凿|irréfutable|unwiderlegbar|अखंडनीय|inconfutabile|反駁できない|irrefutable
jaundice|নেবা|اليرقان|黄疸|jaunisse|Gelbsucht|पीलिया|itterizia|黄疸|ictericia
jejune|ঊষর|ضحل|不成熟|jejune|jejune|बेसूद|insipido|ジェジュン|árido
jejune|ঊষর|ضحل|不成熟|jejune|jejune|बेसूद|insipido|ジェジュン|árido
jingoist|jingoist|jingoist|沙文主义|jingoist|Jingoist|jingoist|jingoist|指揮者|jingoísta
juggernaut|জগন্নাথদেব|الطاغوت|剑圣|mastodonte|Moloch|रथ|Juggernaut|ジャガーノート|gigante
kowtow|সাষ্টাঙ্গ প্রণাম|تملق|磕头|se prosterner|Kowtow|प्रणाम|inchinarsi alla maniera cinese|カウタウ|inclinarse
lacerate|বিদীর্ণ করা|ممزق|划破|lacérer|zerfleischen|फाड़ना|lacerare|裂く|lacerar
lachrymose|ক্রন্দনশীল|lachrymose|爱哭|lacrymose|weinerlich|रोना|lacrimoso|涙腺|lacrimoso
lampoon|ব্যক্তিগত ব্যঙ্গ-কবিতা|سخرية|讽刺|pamphlet|verspotten|निन्दालेख|satira|鱗|satirizar
languish|শক্তিহীনতা|ضنى|憔悴|languir|schmachten|दुर्बल|languire|衰弱する|languidecer
lascivious|লম্পট|فاسق|好色|lascif|lasziv|कामुक|lascivo|淫乱|lascivo
limpid|নির্মল|شفاف|清澈|limpide|klar|पारदर्शक|limpido|透明な|límpido
litany|প্রার্থনা-সঙ্গীত|ابتهال|一连串|litanie|Litanei|लीटानी|litania|リタニ|letanía
loath|অরাজি|متردد|厌恶|répugnance|abgeneigt|अनिच्छुक|restio|嫌悪|poco dispuesto
lugubrious|নিরানন্দ|حدادي|悲哀|lugubre|schwermütig|शोकाकुल|lugubre|勇敢な|lúgubre
machinate|অভিসন্ধি করা|دبر مكيدة|machinate|machiner|machinieren|कपट-प्रबंध करना|macchinare|機械工|intrigar
magisterial|গর্বিত|وقور|权威性|magistral|Meisterhaft|अदालती|di magistrato|大修道院|magistral
malapropism|শব্দের অপপ্রয়োগ|malapropism|飞白辞格|impropriété de langage|Malapropismus|malapropism|sproposito|マナロピズム|despropósito lingüístico
malfeasance|কুকর্ম|المخالفات|渎职|malversation|Amtsmissbrauch|दुराचार|misfatto|不正行為|crimen
malingerer|রোগভানকারী|متمارض|装病|faux malade|Simulant|अपवादक|malingerer|殺人犯|enfermo fingido
martinet|কঠোর নিয়মনিষ্ঠ ব্যক্তি|الضابط المتشدد|马丁|martinet|Martinet|martinet|severo|マルティネ|rigorista
maudlin|অর্ধপানোন্মত্ত|بكاء|感伤|larmoyant|rührselig|भावुक|sentimentale|マウドリン|sensiblero
maunder|বক্বক্|هذى|胡说|divaguer|faseln|घूमना-फिरना|girovagare|マウンダー|divagar
maunder|বক্বক্|هذى|胡说|divaguer|faseln|घूमना-फिरना|girovagare|マウンダー|divagar
mellifluous|মসৃণ|مولد عسلا|盈盈|mélodieux|schmollend|शहद उत्पन्न करनेवाला|mellifluo|甘美な|melifluo
mendicant|ভিক্ষাজীবী|متسول|乞丐|mendiant|Bettler|भिक्षुक|mendicante|紳士|mendicante
meteoric|ক্ষণপ্রভ|نيزكي|流星|météorique|kometenhaft|तेजोमय|meteorico|流星|meteórico
mettlesome|তেজস্বী|شجاع|精神抖擞的|fougueux|feurig|वीर|mettlesome|懐かしい|celoso
misattribute|misattribute|misattribute|misattribute|mal attribuer|falsch zuordnen|misattribute|attribuirsi erroneamente|誤った属性|atribuir erróneamente
modicum|সামান্য পরিমাণ|القليل|点点|minimum|mäßig|भोजन की थोड़ी मात्रा|briciola|モディクム|cantidad mínima
mordant|তীব্র|محرق|媒染剂|mordant|Beize|चुभता|mordente|媒染剤|mordaz
moribund|মৃতপ্রায়|هاجع|垂死|moribond|moribund|मरणासन्न|moribondo|瀕死の|moribundo
mulct|জরিমানা|غرامة|罚金|amende|mulct|वंचित करना|multa|モルタル|multa
nadir|কুবিন্দু|الحضيض|最低点|nadir|Nadir|पतन|nadir|天底|nadir
nettlesome|nettlesome|شائكة|烦人的|rousse|nett|nettlesome|nettlesome|ネトレズメ|nettlesome
noisome|কুদর্শন|مثير للإشمئزاز|毒害|répugnant|ärgerlich|दुर्गंध|disgustoso|ノイソメ|maloliente
nonchalant|উদাসীন|غير مكترث|满不在乎|nonchalant|nonchalant|बेपरवाह|indifferente|心配しない|despreocupado
objurgate|গালাগালি করা|objurgate|非难|réprimander|tadeln|तिरस्कार करना|censurare|邪悪な|increpar
oblique|তেরছা|منحرف - مائل|斜|oblique|schräg|परोक्ष|obliquo|斜めの|oblicuo
obstreperous|চাঁচল্যকর|ضاج|任性的|tapageur|obszön|प्रचंड|indisciplinato|障害のある|estrepitoso
obtain|প্রাপ্ত|الحصول على|获得|obtenir|erhalten|प्राप्त|ottenere|入手します|obtener
obtuse|ভোঁতা|منفرج الزاوية|钝|obtus|stumpf|कुंठित|ottuso|鈍い|obtuso
officious|উপযাচক|فضولي|非官方的|officieux|dienstbar|परेशान करनेवाला|ufficioso|正気の|oficioso
ossify|হাড়ে পরিণত করা|تصلب|骨化|ossifier|verknöchern|हड्डी बन जाना|ossificarsi|骨化する|osificarse
overweening|বৃথাভিমানী|مغرور|过于自信的|démesuré|übertrieben|overweening|presuntuoso|オーバーウィーニング|arrogante
palatable|সুস্বাদু|سائغ|可口|acceptable|schmackhaft|स्वादिष्ट|appetitoso|口当たりの良い|sabroso
palaver|ঘোঁট|تملق|拍马屁|palabre|Palaver|दौड़-धूप|chiacchiere|しゃべり|palabrería
palimpsest|পালিম্পসেট|الرق الممسوح|重写本|palimpseste|Palimpsest|पलिम्प्सेस्ट|palinsesto|palimpsest|palimpsesto
panacea|সর্বব্যাধিহর ঔষধ|ترياق|万能药|panacée|Allheilmittel|रामबाण|panacea|万能薬|panacea
panegyric|প্রশংসাপূর্ণ|مديح|颂|panégyrique|Lobrede|स्तुतिपाठ|panegirico|パネリック|panegírico
paragon|সম্পূর্ণতার আদর্শ|نموذج مثالي|模范|parangon|Paragon|प्रतिद्वंद्वी|paragone|パラゴン|dechado
paragon|সম্পূর্ণতার আদর্শ|نموذج مثالي|模范|parangon|Paragon|प्रतिद्वंद्वी|paragone|パラゴン|dechado
pariah|দাক্ষিণাত্যের নীচ জাতি|شخص منبوذ|贱民|paria|Paria|ख़ारिज|paria|不可触民|paria
parvenu|ভুঁইফোঁড় ব্যক্তি|محدث النعمة|新贵|parvenu|Parvenü|नौबढ़|parvenu|パヴェンヌ|advenedizo
patent|পেটেণ্ট|براءة الإختراع|专利|brevet|Patent|पेटेंट|brevetto|特許|patentar
pecuniary|আর্থিক|مالي|金钱的|pécuniaire|Geld|धन-संबंधी|pecuniario|金銭的|pecuniario
pellucid|নির্মল|شفاف|喨|transparent|pellucid|पारदर्शक|pellucido|透明な|translúcido
penurious|ব্যয়কুণ্ঠ|فقير|鄙吝|misérable|bösartig|दरिद्र|avaro|悲惨な|pobre
penurious|ব্যয়কুণ্ঠ|فقير|鄙吝|misérable|bösartig|दरिद्र|avaro|悲惨な|pobre
percipient|তীক্ষ্নবুদ্ধিসম্পন্ন|مدرك|知觉的|percepteur|Empfänger|समझनेवाला|percettivo|過認者|perceptor
peremptory|সুদৃঢ়|آمري|蛮横|péremptoire|peremptorisch|आज्ञसूचक|perentorio|寛容|perentorio
perfunctory|ভাসা-ভাসা|سطحي|敷衍|sommaire|oberflächlich|असावधान|superficiale|礼儀正しい|superficial
peripatetic|ভবঘুরে|متجول|逍遥|ambulant|peripatetisch|पथिक|peripatetico|周産期|peripatético
perspicacious|তীক্ষ্নদৃষ্টি|ثاقب الفكر|明察秋毫|perspicace|scharfsichtig|भेदक|perspicace|はっきりとした|perspicaz
phantasmagorical|phantasmagorical|phantasmagorical|幻影似|fantasmagorique|phantasmagorisch|phantasmagorical|fantasmagorico|幻想的な|fantasmagórico
philistine|সঙ্কীর্ণমনা ব্যক্তি|غير مثقف|庸俗|Philistin|Philister|अशिक्षित|filisteo|フィリスティン|filisteo
phlegmatic|জড়|بارد|粘液质的|flegmatique|phlegmatisch|सुस्त|flemmatico|痰|flemático
picayune|Picayune|تافهة|花絮|mesquin|Picayune|निकम्मा|insignificante|ピカユン|baladí
pillory|কাষ্ঠানির্মিত শাস্তিস্তম্ভবিশেষ|مقطرة|笑柄|pilori|Pranger|निंदा करना|berlina|枕|picota
pith|তরুমজ্জা|لباب|髓|moelle|Mark|मज्जा|midollo|髄|médula
plucky|সাহসী|مقدام|大胆|courageux|mutig|हिम्मती|coraggioso|厄介な|valeroso
Pollyannaish|Pollyannaish|Pollyannaish|Pollyannaish|Pollyannaish|Pollyannaisch|Pollyannaish|pollyannaish|Pollyannaish|Pollyannaish
ponderous|ক্লেশকর|ثقيل|沉重|lourd|schwerfällig|कष्टकारक|ponderoso|敬虔な|pesado
pontificate|পোপ গিরি|قام بقداس حبري|教皇|pontificat|Pontifikat|प्रधान पादरी|pontificato|司教|pontificado
portentous|পূর্বলক্ষণমূলক|منذر|前兆的|de mauvais augure|unheilvoll|अमंगल|funesto|ポートレート|portentoso
precipitate|থিতান|ترسب|沉淀|précipité|Präzipitat|तलछट|precipitato|沈殿する|precipitado
precipitate|থিতান|ترسب|沉淀|précipité|Präzipitat|तलछट|precipitato|沈殿する|precipitado
presentiment|পূর্ব লক্ষণ|نذير شؤم|预感|pressentiment|Ahnung|पूर्वाभाव|presentimento|予感|presentimiento
primacy|প্রথম স্থান|أولية|首位|primauté|Primat|प्रधानता|primato|優位|primacía
probity|সাধুতা|نزاهة|廉洁|probité|Redlichkeit|ईमानदारी|probità|確信|probidad
prognostication|পূর্বলক্ষণ|التكهن|预测|pronostic|Prognose|पूर्व-सूचना|pronostico|予後|pronóstico
prolixity|বাগ্বাহুল্য|إطناب|罗嗦|prolixité|Weitläufigkeit|prolixity|prolissità|長寿|prolijidad
promulgate|প্রচার করা|نشر|颁布|promulguer|verkünden|घोषणा करना|promulgare|公布|promulgar
propitiate|প্রসন্ন করান|استعطف|和解|se concilier|besänftigen|संतुष्ट करना|propiziare|興奮させる|propiciar
prosaic|বেরসিক|ركيك|平淡|prosaïque|prosaisch|नीरस|prosaico|懐古的な|prosaico
proscribe|সমাজচু্যত করা|نفى|禁止|proscrire|verbieten|देश से निकालना|proscrivere|禁じる|proscribir
proselytize|ধর্মান্তরিত করা|إعتنق دين جديد|传教|faire du prosélytisme|bekehren|फुसलाना|fare proseliti|伝道|convertir
protean|আকৃতি পরিবর্তনের তত্পর|متلون|千变万化的|protéiforme|proteinisch|बहुरूपिया|mutevole|プロテアン|proteico
provident|মিতব্যয়ী|حكيم|公积金|prévoyant|Vorsorgen|चौकस|provvido|支出者|providente
puerile|বুড়া|صبياني|薄利多销|puéril|kindisch|बचकाना|puerile|哀れな|pueril
puissant|প্রভাবশালী|جبار|强力|puissant|mächtig|puissant|possente|刺青人|puissant
punctilious|শিষ্টচারসম্পন্ন|حريص على الشكليات|过份注意的|pointilleux|pedantisch|ज़रूरत से ज़्यादा परिशुद्ध|scrupoloso|厄介な|puntilloso
pyrrhic|প্রাচীন গ্রীক নৃত্যবিশেষ|سلاحية|得不偿失|pyrrhique|Pyrrhus|pyrrhic|pirrico|パイルヒック|pírrico
quail|ভয়ে পিছাইয়া পড়া|طائر السمان|鹌鹑|Caille|Wachtel|बटेर|Quaglia|ウズラ|codorniz
quisling|স্বদেশদ্রোহী|متعاون مع العدو|卖国贼|collaborateur|Quisling|ग़द्दार|collaborazionista|キスリング|traidor
quixotic|ভাববিলাসী|وهمي|不切实际|chimérique|quixotisch|विलक्षण|donchisciottesco|擬似的な|quijotesco
raconteur|গল্প-কথক|راوية|故事大王|raconteur|Erzähler|बयान करनेवाला|raconteur|レコンテル|narrador
raillery|গালিগালাজ|مزاح|玩笑|raillerie|Scherz|दिल्लगी|canzonatura|武器|burlas
rapprochement|পুনর্মিলন|تقارب|和睦|rapprochement|Annäherung|मेल-मिलाप|riconciliazione|和解|acercamiento
rarefied|তনু|مخلخل|稀薄|raréfié|verdünnt|rarefied|rarefatto|希少な|enrarecido
recapitulation|অনুচিন্তা|خلاصة|概括|récapitulation|Reprise|संक्षिप्त|ricapitolazione|反復|recapitulación
recrimination|প্রত্যভিযোগ|إتهام مضاد|对骂|récrimination|Vorwurf|अभियोग|recriminazione|忌避|recriminación
recrudesce|পুনরায় প্রকাশ দেত্তয়া|انتكس|复发|être en recrudescence|Wiederbelebung|प्रत्यावर्तन लगाना|recrudesce|募集|recrudecer
redoubtable|দুর্ধর্ষ|رهيب|厉害的|redoutable|furchtbar|बढाया हुआ|formidabile|懐疑的な|temible
remonstrate|তীব্র আপত্তি করা|احتج|表示异议|faire des remontrances|widerlegen|विरोध करना|protestare|思い起こさせる|protestar
reprisal|প্রত্যধিকার|انتقام|报复|représailles|Repressalie|प्रतिहिंसा|rappresaglia|報復|represalia
ribald|অশ্লীলভাষী|سفيه|下流|grivois|ribald|नीच|licenzioso|リブドル|obsceno
row|সারি|صف|行|rangée|Reihe|पंक्ति|riga|行|fila
sagacious|জ্ঞানী|فطن|明智|sagace|scharfsinnig|मेधावी|sagace|賢明な|sagaz
sangfroid|কামাবশায়িতা|الدم البارد|sangfroid|sang-froid|Gelassenheit|धीरता|sangue freddo|サングフロイド|sangre fría
sardonic|তিক্ত|تهكمي|讽刺|sardonique|sardonisch|तिरस्कारपूर्ण|sardonico|霊性|sardónico
sartorial|পোশাক-সংক্রান্ত|باسي|裁缝|vestimentaire|Schneiderei|कपड़ा सीने के विषय का|sartoriale|騎兵|de sastre
saturnine|বিষণ্ণ মেজাজসম্পন্ন|زحلي|阴沉的|saturnien|Saturnine|सीसे का|malinconico|ザーナイン|saturnino
schadenfreude|পরের দুর্দশায় আনন্দ|الشماتة|幸灾乐祸|Schadenfreude|Schadenfreude|schadenfreude|schadenfreude|Schadenfreude|schadenfreude
sedulous|পরিশ্রমী|مواظب|刻意|attentif|faul|परिश्रमी|assiduo|悲劇的な|diligente
self-effacing|আত্মবিলোপী|الأضواء الذاتي|谦虚|effacé|selbstausweichend|शर्मीला|modesto|自己消滅|modesto
semblance|আভাস|مظهر|外表|semblant|Anschein|दिखावा|parvenza|同義語|apariencia
sententious|সংক্ষিপ্ত অথচ অর্থপূর্ন|جامع مانع|简洁的|sentencieux|sittsam|उपदेशात्मक|sentenzioso|思慮深い|sentencioso
simulacrum|ধ্বজা|الزائفة|仿|simulacre|Simulakrum|बहाना|simulacro|鼓腸|simulacro
simulacrum|ধ্বজা|الزائفة|仿|simulacre|Simulakrum|बहाना|simulacro|鼓腸|simulacro
sinecure|কর্মভারহীন পদ|الوظيفة العاطلة|闲职|sinécure|Sinekure|ऐसा पद जिस में वेतन मिले परन्तु कुछ काम न करना पड़े|sinecura|罪悪感|sinecura
solecism|বাক্যগঠনপ্রণালীর নিয়মভঙ্গ|اللحن الخطأ النحوي|谬误|solécisme|Solecism|प्रमाद|solecismo|ソロシズム|solecismo
solicitous|একান্তভাবে কামনাকারী|مهموم|殷勤|soucieux|besorgt|चिंताशील|sollecito|熱心な|solícito
solicitude|উতরান|اهتمام|关怀|sollicitude|Sorge|सरपरस्ती|sollecitudine|懇願|solicitud
spartan|স্পার্টা লোক|إسبارطي|斯巴达|spartiate|spartanisch|परहेज़गार|spartano|スパルタン|espartano
splenetic|বিমর্ষ|عبوس|坏心眼的|atrabilaire|Milz|क्रोधी|splenico|脾臓の|esplénico
squelch|দমন করা|سحق|哗啦哗啦地|écraser|Rauschsperre|झंखाड़|schiacciare|スケルチ|aplastar
stalwart|অদম্য|قوي البنية|伟岸|vigoureux|unerschütterlich|निष्ठावान|coraggioso|忠実な|leal
stultify|বোকা বানান|سفه|自相矛盾|abrutir|verdummen|मूर्ख बनाना|neutralizzare|元気づける|poner en ridículo
subterfuge|এড়ানর কৌশল|حيلة|托词|subterfuge|Täuschung|छल|sotterfugio|サブターフ|subterfugio
supercilious|উন্নাসিক|متغطرس|高傲|dédaigneux|hochnäsig|घमंडी|altezzoso|過酷な|arrogante
surfeit|ধুম|تخمة|过量|excès|Überfluss|अतिरेक|eccesso|過食|exceso
surreptitious|গুপ্ত|خفي، سري|诡秘|subreptice|heimlich|छल से किया हुआ|surrettizio|秘密の|subrepticio
sybarite|ভোগবিলাসে মগ্ন|السيباريسي أحد أبناء سيباريس مدينة اغريقية|锡巴里斯|sybarite|Sybarit|विषयी|sibarita|シロバライト|sibarita
temerity|হঠকারিতা|تهور|卤莽|témérité|Kühnheit|उतावलापन|audacia|苛酷|temeridad
tempestuous|প্রচণ্ড|هائج|汹涌|orageux|stürmisch|तूफ़ानी|tempestoso|激しい|tempestuoso
tendentious|উদ্দেশ্যমূলক|مغرض|倾向性|tendancieux|tendenziös|विवादास्पद|tendenzioso|欲求不満な|tendencioso
transmute|অন্য মূর্তিতে পরিবর্তিত করা|نحول|嬗|transmuter|verwandeln|बदल देना|trasmutare|変身する|transmutar
trenchant|মর্মভেদী|باتر|鞭辟入里|tranchant|pointiert|कटु|tagliente|不屈の|incisivo
truculence|অতীব প্রচণ্ডতা|وحشية|好战|agressivité|Mutlosigkeit|निर्दयता|truculence|真実|agresividad
truculent|নিষ্ঠুর|مشاكس|忮|agressif|tollkühn|लड़ाकू|aggressivo|真実の|agresivo
turgid|রসস্ফীত|متورم|华而不实|turgide|schwül|सूजा हुआ|ampolloso|過酷な|turgente
turpitude|অসচ্চরিত্রতা|عمل شائن|沦丧|turpitude|Verkommenheit|अधमता|turpitudine|狼狽|depravación
tyro|Tyro|مبتدأ|初学者|novice|Anfänger|नौसिखिए|principiante|タイロ|principiante
umbrage|অপমানবোধ|استياء|树荫|ombrage|Anstoß|साया|offesa|迷惑|resentimiento
unassailable|অনাক্রম্য|مسالم|无懈可击|inattaquable|unangreifbar|अभेद्य|inattaccabile|不可能|inexpugnable
unflappable|উদ্বেগহীন|ثابت الجنان|临危不乱|imperturbable|unerschütterlich|स्थिर|imperturbabile|アンフラップ可能な|imperturbable
unforthcoming|unforthcoming|unforthcoming|unforthcoming|à venir|nicht kommend|unforthcoming|unforthcoming|未確定|inolvidable
unimpeachable|অনিন্দ্য|لا يرقى إليه الشك|无可指责|irréprochable|unantastbar|ज़ाहिर|irreprensibile|決心できない|intachable
unprepossessing|অনাকর্ষণীয়|أونبريبوسيسينج|其貌不扬|sans préjugés|unscheinbar|unprepossessing|poco attraente|未解決|poco atractivo
unpropitious|অকল্যাণকর|غير مواتي|unpropitious|non propice|ungünstig|unpropitious|unpropitious|不愉快な|no apropiado
unstinting|unstinting|غير المحدود|慷慨|incessant|unermüdlich|unstinting|unstinting|断る|unstint
untenable|অসমর্থনীয়|لا يمكن الدفاع عنها|站不住脚的|intenable|unhaltbar|अस्थिर, असमर्थनीय|insostenibile|断ることができない|insostenible
untoward|প্রতিকূল|صعب المراس|不良|fâcheux|ungünstig|अभागा|sconveniente|不都合な|adverso
untrammeled|অক্ষুণ্ণ|غير مقيد|奔放|sans entrave|ungehindert|बेरोक|untrammeled|切り刻まれていない|sin trabas
unviable|বযারতলন্যযাগ্|غير قابلة للحياة|不可行|non viable|nicht lebensfähig|अलाभकारी|impraticabile|生きることができない|inviable
vaunted|vaunted|أدعياء|自夸|vanté|gerühmt|vaunted|decantata|誇張した|aclamado
venial|মার্জনীয়|عرضي|可宽恕|véniel|venial|क्षम्य|veniale|胎盤|venial
verisimilitude|সত্য বলিয়া প্রতীয়মানতা|شىء محتمل|逼真|vraisemblance|Wahrheitsnähe|संभाव्यता|verosimiglianza|真実性|verosimilitud
veritable|যথার্থ|حقيقي|名副其实|véritable|veritable|सच्चा|vero|誠実な|verdadero
vicissitude|ভাগ্যপরিবর্তন|تقلب|变迁|vicissitudes|Wandel|अन्याय|vicenda|変態|vicisitud
vitriol|গন্ধক|نقد لاذع|矾|vitriol|Vitriol|व्यंग्य|vetriolo|ビトリオール|vitriolo
vitriolic|গন্ধকজ|اذعة|硫酸|vitriolique|giftig|कटु|vetriolo|硝酸塩|vitriólico
vituperate|গালাগালি করা|قدح|谩骂|vitupérer|giftig|तिरस्कार करना|vituperare|vituperate|vituperar
zeitgeist|যুগের ভাবধারা|روح العصر|时代精神|zeitgeist|Zeitgeist|युगचेतना|zeitgeist|精神障害者|Zeitgeist
